title,translated_title,year,release_date,country,language,runtime,director,writer,actors,genre,rating,imdb_rating,imdb_link,douban_link,poster_url,description,awards,screenshots
隔壁房间 WEB-DL版下载/ 隔壁的房间(台) / 邻人之爱 2024 The Room Next Door 5.29GB,隔壁房间 / 隔壁的房间(台) / 邻人之爱,2024,2024-12-20,西班牙,英语,,佩德罗·阿莫多瓦 Pedro Almodóvar,佩德罗·阿莫多瓦 Pedro Almodóvar,朱丽安·摩尔 Julianne Moore,剧情,7.7,7,https://www.imdb.com/title/tt29439114/,https://movie.douban.com/subject/36687720/,https://s44.playwoool.com/wp-content/uploads/2025/01/p2911534490.webp,英格丽（朱丽安·摩尔 Julianne Moore 饰）和玛莎（蒂尔达·斯文顿 Tilda Swinton 饰）年轻时是好朋友，她们曾在同一家杂志社工作。后来英格丽成为了一名小说家，而玛莎成为了一名战地记者，她们渐行渐远。失联多年后，她们重新开始了联系。,"第81届威尼斯电影节  (2024)
主竞赛单元金狮奖 佩德罗·阿莫多瓦
布赖恩奖 佩德罗·阿莫多瓦
第82届金球奖  (2025)
电影类剧情片最佳女主角(提名) 蒂尔达·斯文顿
第37届欧洲电影奖  (2024)
最佳影片(提名) 埃丝特·加西亚 / 阿古斯丁·阿莫多瓦 / 佩德罗·阿莫多瓦
最佳导演(提名) 佩德罗·阿莫多瓦
最佳女主角(提名) 蒂尔达·斯文顿
最佳编剧(提名) 佩德罗·阿莫多瓦",
村戏 WEB-DL版下载/Bangzi Melody 2017 村戏 13.9G,村戏/Bangzi Melody,2017,2017-06-16,中国大陆,河北井陉话,99分钟,郑大圣,李保罗 / 吴滨 / 贾大山,李志兵 / 梁春柱 / 王春明 / 吕爱华 / 张慧娟 / 张亚豪 / 陈晨,剧情,8.0,7.3,https://www.imdb.com/title/tt7424828/,https://movie.douban.com/subject/26738204/,https://s44.playwoool.com/wp-content/uploads/2025/01/p2516300806.webp,1982年，隆冬时节，苍茫大地，人们在渴望春天的到来（包产到户）。 王支书要村里恢复演出老戏。“戏篓子”路老鹤，安排杨志刚演男主角，女儿路小芬不情愿。女儿的意中是奎疯子的儿子王树满。 在奎疯子眼里，花生是他的“图腾”。有人偷了九亩半的花生，急得他满街乱转。他发现，不止一人拿着花生去路老鹤家…… 第54届台北金马影展 (2017) 金马奖 最佳改编剧本(提名) 李保罗 第31届中国电影金鸡奖 (2017) 最佳导演(提名) 郑大圣 最佳编剧(提名) 李保罗 最佳女配角(提名) 张慧娟 最佳摄影 邵丹 第17届中国电影华表奖 (2018) 优秀农村题材影片(提名) 第1届平遥国际电影展 (2017) 影展之最单元最受欢迎影片(提名) 郑大圣 第25届北京大学生电影节 (2018) 最佳影片奖(提名) 最佳导演奖(提名) 郑大圣 最佳新人奖(提名) 李志兵 艺术探索奖(提名) 评委会大奖 标签：剧情 华语 -本片字幕下载请点这里- 全部磁力链 4K 蓝光原盘 蓝光高清 WEB-DL 字 幕 [无损音乐1T] [美剧蓝光32T] [观影APP] [115网盘优惠充值] 1080P 在线观看 直接高品质在线观看《村戏》 WEB-4K 13.9GB Bangzi.Melody.2017.2160p.HQ.WEB-DL.HEVC.AAC-ZmWeb 字 幕 https://www.samfunny.com/download/index.php?id=26738204 Copyright ©2021 音范丝|影音集 内容均采集自互联网，若侵犯您的权益请联系fanyun866#gmail.com，我们将尽快处理。 高清常识 常见问题 蓝光播放工具 点点字幕 布雷克影院 币圈中文攻略 银河碟屋 登录,,
捆绑之兽 WEB-DL版下载 2024 The Beast of the Bales 6.61G,捆绑之兽,2024,2024-11-01,英国,英语,101分钟,Phil Smalley,,Danny Badcock / Harley Badcock / Raymond Badcock / Bob Bourne / Ely Cooper / Noah Cooper / Ethan Drinkwater / Oli Drinkwater,纪录片,2024,7.2,https://www.imdb.com/title/tt33510921/,https://movie.douban.com/subject/37188083/,https://s44.playwoool.com/wp-content/uploads/2025/01/p2917155266.webp,我们每个人都有过去，一系列的事件将我们引导到我们注定要走的道路。这些大多数人不了解的经历，激发了由好奇心产生的问题。跟随戴夫·拉德福德（Dave Radford）不懈的生命旅程，揭示一位无畏斗士的真正意义——无论是在生命的斗争中，还是在捆绑的擂台上。 标签：纪录片 -本片字幕下载请点这里- 全部磁力链 4K 蓝光原盘 蓝光高清 WEB-DL 字 幕 [无损音乐1T] [美剧蓝光32T] [观影APP] [115网盘优惠充值] WEB-1080P 6.61GB The.Beast.of.the.Bales.2024.1080p.AMZN.WEB-DL.DDP2.0.H.264-FLUX 字 幕 https://www.samfunny.com/download/index.php?id=37188083 Copyright ©2021 音范丝|影音集 内容均采集自互联网，若侵犯您的权益请联系fanyun866#gmail.com，我们将尽快处理。 高清常识 常见问题 蓝光播放工具 点点字幕 布雷克影院 币圈中文攻略 银河碟屋 登录,,
枯草 蓝光原盘下载/荒草残雪(港) / 春风劲草(台) / Les herbes sèches / About Dry Grasses / Over Dry Herbs / On Barren Weeds 2023 Kuru Otlar Üstüne 43.1G,枯草/荒草残雪(港) / 春风劲草(台) / Les herbes sèches / About Dry Grasses / Over Dry Herbs / On Barren Weeds,2023,2023-05-19,土耳其 / 法国 / 德国 / 瑞典,土耳其语,197分钟,努里·比格·锡兰,埃布鲁·锡兰 / 努里·比格·锡兰 / 阿克·阿克苏,德尼兹·塞利洛格卢 / 米尔维·迪兹达尔 / 穆萨布·埃基奇 / 埃克·巴奇 / 埃尔登姆·塞诺卡克 / 于克塞·阿克苏 / 穆尼尔·坎·钦多鲁克 / Onur Berk Arslanoglu / Yildirim Gücük / 坚吉兹.博兹库尔特 / S. Emrah Özdemir / Elif Ürse / Elit Andaç Çam / Nalan Kuruçim / Ferhat Akgün / 埃莱姆·坎波拉特 / Seçkin Aydin / Turan Selçuk Yerlikaya / Abti Karatas / Vahit Yildirim,剧情,7.7,7.7,https://www.imdb.com/title/tt13231544/,https://movie.douban.com/subject/35211729/,https://s44.playwoool.com/wp-content/uploads/2025/01/p2895256968.webp,隐藏在小亚细亚的茫茫冬雪中，是看不见尽头的凄沧。小学老师萨密自比枯草，一直期待快将调职回城市的学校，但某日一封学生藏在笔记簿里写给他的情书被发现，衍生出他性骚扰学生的指控。梦想幻灭、同袍情谊恶化、其他教职员之间的窃窃私语，使得萨密临近崩溃边缘。直到遇见帮他克服难关的女老师，让这绝望的寒冬起了变化。 土耳其电影大师努里·比格·锡兰时隔四年带来新作，借人与人之间的伤痛和救赎，既自省亦警世。餐桌上一场群体与个人、抗争与妥协的意识形态思辩，更令人拍案叫绝。女主角凭此片夺得戛纳电影节最佳女演员殊荣，成为史上首位土耳其戛纳影后。,"第76届戛纳电影节 (2023)
主竞赛单元 金棕榈奖(提名) 努里·比格·锡兰
主竞赛单元 最佳女演员 米尔维·迪兹达尔",
犯罪都市4 蓝光原盘下载/犯罪都市：铁拳清算(港) / The Roundup: Punishment 2024 범죄도시4 19.23G,犯罪都市4/犯罪都市：铁拳清算(港) / The Roundup: Punishment,2024,2024-02-23,韩国,韩语 / 英语 / 菲律宾语 / 汉语普通话,110分钟,许明行,吴相浩,马东锡 / 金武烈 / 李东辉 / 朴智焕 / 李主傧 / 金敏载 / 金英熊,动作 / 惊悚 / 犯罪,6.6,6.6,https://www.imdb.com/title/tt27811040/,https://movie.douban.com/subject/36085987/,https://s44.playwoool.com/wp-content/uploads/2024/09/p2910664247.webp,「怪物刑警」马锡道（马东石 饰）这次要对抗的是规模最大的网络非法赌博组织首脑．白昌其（金武烈 饰），他是特种部队佣兵出身的恶徒；另外还要对付IT业界出身的天才CEO．张东哲（李东辉 饰）。马锡道将与华丽回归的张夷秀（朴智焕 饰）、广搜队及网络搜查队合作，展开更胜以往的扫荡行动！ 标签：动作 惊悚 日韩 犯罪 -本片字幕下载请点这里- 全部磁力链 4K 蓝光原盘 蓝光高清 WEB-DL 字 幕 [无损音乐1T] [美剧蓝光32T] [观影APP] [115网盘优惠充值] 4K 17.92GB The.Roundup.Punishment.2024.2160p.UHD.BluRay.HDR.x265.10bit.DTS-HD.MA.5.1-ParkHD 4K 25.61GB The.Roundup.Punishment.2024.2160p.BluRay.x265.10bit.DTS-WiKi 4K 25.61GB The.Roundup.Punishment.2024.2160p.BluRay.x265.10bit.DTS-CTRLHD 4K 14.89GB The.Roundup.Punishment.2024.2160p.UHD.BluRay.x265.10bit.HDR.DTS-HD.MA.5.1-SONYHD 4K 53.65GB The.Roundup.Punishment.2024.GER.BluRay.Remux.UHD.HDR10.2160p.DTS-HDMA5.1-DreamHD 4K 14.89GB The.Roundup.Punishment.2024.2160p.UHD.BluRay.x265.10bit.HDR.DTS-HD.MA.5.1-SONYHD 4K 25.61GB The.Roundup.Punishment.2024.2160p.BluRay.x265.10bit.DTS-WiKi 4K 25.61GB The.Roundup.Punishment.2024.2160p.BluRay.x265.10bit.DTS-CTRLHD 4K 17.92GB The.Roundup.Punishment.2024.2160p.UHD.BluRay.HDR.x265.10bit.DTS-HD.MA.5.1-ParkHD Remux 19.23GB The.Roundup.Punishment.2024.1080p.BluRay.Remux.AVC.TrueHD.5.1-ADE 蓝光原盘 网盘 收藏级《犯罪都市4》顶级内封中字版蓝光ISO 蓝光原盘 22.28GB The.Roundup.Punishment.2024.1080p.BluRay.AVC.TrueHD.5.1-DIY@Audies 蓝光原盘 22.28GB The.Roundup.Punishment.2024.1080p.BluRay.AVC.TrueHD.5.1-DIY@Audies 1080P 在线观看 直接在线看《犯罪都市4》-优质影院 1080P 7.78GB The.Roundup.Punishment.2024.1080p.BluRay.x265.10bit.TrueHD5.1-CTRLHD 1080P 10.87GB The.Roundup.Punishment.2024.1080p.BluRay.x264.DTS-SONYHD 1080P 10.26GB The.Roundup.Punishment.2024.1080p.BluRay.x264.TrueHD5.1-CTRLHD 1080P 5.73GB The.Roundup.Punishment.2024.1080p.BluRay.x265.10bit.DTS-SONYHD 1080P 10.87GB The.Roundup.Punishment.2024.1080p.BluRay.x264.DTS-SONYHD 1080P 5.73GB The.Roundup.Punishment.2024.1080p.BluRay.x265.10bit.DTS-SONYHD 1080P 10.26GB The.Roundup.Punishment.2024.1080p.BluRay.x264.TrueHD5.1-CTRLHD 1080P 7.78GB The.Roundup.Punishment.2024.1080p.BluRay.x265.10bit.TrueHD5.1-CTRLHD 1080P 7.78GB The.Roundup.Punishment.2024.1080p.BluRay.x265.10bit.TrueHD5.1-WiKi WEB-1080P 6.01GB The.Roundup.Punishment.2024.1080p.HamiVideo.WEB-DL.AAC2.0.H.264-DreamHD WEB-1080P 6.12GB The Roundup Punishment.2024.1080p.WEB-DL.AAC2.0.H.264-TIK.mkv WEB-1080P 2.92GB 범죄도시4.The Roundup Punishment.2024.1080p.WEB-CP.AAC2.0.H.264 -Sniper.mkv WEB-1080P 6.01GB The.Roundup.Punishment.2024.1080p.HamiVideo.WEB-DL.AAC2.0.H.264-DreamHD 字 幕 https://www.samfunny.com/download/index.php?id=36085987 ↓ ↓ ↓ 显 示 全 部 ↓ ↓ ↓ Copyright ©2021 音范丝|影音集 内容均采集自互联网，若侵犯您的权益请联系fanyun866#gmail.com，我们将尽快处理。 高清常识 常见问题 蓝光播放工具 点点字幕 布雷克影院 币圈中文攻略 银河碟屋 登录,,
怒海沉尸 蓝光原盘下载/太阳背面 / 阳光普照 / 紫色正午 / 阳光明媚 / Purple Noon 1960 Plein soleil 29.38G,怒海沉尸/太阳背面 / 阳光普照 / 紫色正午 / 阳光明媚 / Purple Noon,1960,1960-03-10,法国 / 意大利,法语 / 意大利语 / 英语,118 分钟,雷内·克莱芒,帕特里西亚·海史密斯 / 雷内·克莱芒 / 保罗·热戈夫,阿兰·德龙 / 玛丽·拉福莱 / 莫里斯·罗内 / 埃诺·克里萨 / 弗兰克·拉铁摩尔 / 比利·卡恩斯 / 阿薇·宁基 / 维维亚娜·尚特尔 / 尼里奥·贝尔纳迪 / Barbel Fanger / Lily Romanelli / Nicolas Petrov / 爱尔薇儿·珀派斯科 / 雷内·克莱芒 / Jacqueline Decaë / 保罗·穆勒 / 罗密·施耐德 / 尼诺·温杰利,剧情 / 惊悚 / 犯罪,8.0,7,https://www.imdb.com/title/tt0054189/,https://movie.douban.com/subject/1305080/,https://s44.playwoool.com/wp-content/uploads/2024/08/p2901254298.webp,汤姆（阿兰·德龙 Alain Delon 饰）是一个穷小子，最近，一桩好差事找上了门，好友菲利普（莫里斯·荣内特 Maurice Ronet 饰）的富豪父亲找到了汤姆，希望他能够替自己找回成日在外风流潇洒的儿子，作为回报，汤姆将得到价值不菲的报酬。 循着菲利普的踪迹，汤姆来到了拿布里，见到了菲利普和他的未婚妻玛奇（玛丽·拉福莱 Marie Laforêt 饰）。菲利普纸醉金迷的生活让汤姆十分羡慕，玛奇的美丽和温柔更是摄取了汤姆的心魄，一个邪恶的念头应运而生。一次出游中，汤姆设计杀死了菲利普，之后，为了掩盖罪行，汤姆又杀死了菲利普的好友。一个谎言，要用无数个谎言来掩盖，在得到了自己想要的一切后，汤姆终将面临审判。 标签：剧情 小语种 惊悚 犯罪 -本片字幕下载请点这里- 全部磁力链 4K 蓝光原盘 蓝光高清 WEB-DL 字 幕 [无损音乐1T] [美剧蓝光32T] [观影APP] [115网盘优惠充值] Remux 29.38GB Plein.soleil.AKA.Purple.Noon.1960.Criterion.1080p.Blu-ray.Remux.AVC.FLAC.1.0-UQ.mkv 1080P 15.08GB Plein.soleil.1960.BluRay.1080p.2Audio.DTS-HD.MA.1.0.x264-beAst 720P 4.37GB Purple.Noon.1960.720p.BluRay.x264-GECKOS 720P 6.97GB Plein.soleil.1960.BluRay.720p.DTS.x264-beAst 1080P 8.7GB Purple.Noon.1960.CC.1080p.BluRay.x265.10bit.FLAC.1.0-SONYHD 1080P 13.01GB Purple.Noon.1960.CC.1080p.BluRay.x264.FLAC.1.0-SONYHD 1080P 7.65GB Purple.Noon.1960.1080p.BluRay.x264-GECKOS 字 幕 https://www.samfunny.com/download/index.php?id=1305080 Copyright ©2021 音范丝|影音集 内容均采集自互联网，若侵犯您的权益请联系fanyun866#gmail.com，我们将尽快处理。 高清常识 常见问题 蓝光播放工具 点点字幕 布雷克影院 币圈中文攻略 银河碟屋 登录,,
喜马拉雅之灵 WEB-DL版下载 2017 The Soul of Himalaya 18.3G,The Soul of Himalaya,2017,2023-11-17,中国大陆,汉语普通话,100分钟,曾云辉 YunhuiI Zeng,曾云辉 YunhuiI Zeng,,剧情,6.5,7.8,,,https://s44.playwoool.com/wp-content/uploads/2024/05/p2900775324.webp,神秘的珞巴人世居喜马拉雅原始森林，与世隔绝，一场瘟疫将部落推向灭族边缘。猎手达玛另岽为解救族人，不顾族人的反对和巫师的神谕，出走部落寻找“生命之泉”，在藏地历尽路途险恶和猛兽攻击，身处险境遭遇重创， 同样面临生死考验。 标签：剧情 华语 -本片字幕下载请点这里- 全部磁力链 4K 蓝光原盘 蓝光高清 WEB-DL 字 幕 [无损音乐1T] [美剧蓝光32T] [观影APP] [115网盘优惠充值] WEB-4K 14.79GB The.Soul.of.Himalaya.2017.2160p.HQ.WEB-DL.H265.DTS5.1-DreamHD WEB-4K 18.34GB The.Soul.of.Himalaya.2017.2160p.HQ.WEB-DL.H265.60fps.DTS5.1-DreamHD WEB-1080P 2.09GB The.Soul.of.Himalaya.2017.1080p.WEB-DL.H264.DTS5.1-DreamHD 字 幕 https://www.samfunny.com/download/index.php?id=27063330 Copyright ©2021 音范丝|影音集 内容均采集自互联网，若侵犯您的权益请联系fanyun866#gmail.com，我们将尽快处理。 高清常识 常见问题 蓝光播放工具 点点字幕 布雷克影院 币圈中文攻略 银河碟屋 登录,,
飞鸭向前冲 WEB-DL版下载/鸭仔也移民(港) 2023 Migration 12.43G,飞鸭向前冲/鸭仔也移民(港),2023,2023-12-08,"美国,法国,加拿大",英语,82分钟,本杰明·雷内 Benjamin Renner / 盖洛·霍姆西 Guylo Homsy,本杰明·雷内 Benjamin Renner / 麦克·怀特 Mike White,库梅尔·南贾尼 Kumail Nanjiani,喜剧 / 动作 / 动画 / 奇幻 / 冒险,7.6,6.8,https://www.imdb.com/title/tt6495056/,https://movie.douban.com/subject/36086942/,https://s44.playwoool.com/wp-content/uploads/2024/01/p2901688017.webp,飞鸭马拉德一家向南迁徙前往热带的牙买加，却意外闯入疯狂大都市纽约？在紧张刺激的飞行之旅中，他们将如何化险为夷？ 标签：冒险 动作 动画 喜剧 奇幻 -本片字幕下载请点这里- 全部磁力链 4K 蓝光原盘 蓝光高清 WEB-DL 字 幕 [无损音乐1T] [美剧蓝光32T] [观影APP] [115网盘优惠充值] WEB-4K 14.4GB Migration.2023.2160p.WEB-DL.DDP5.1.Atmos.DV.HDR.H.265-FLUX 4K 51.6GB Migration.2023.2160p.UHD.BluRay.REMUX.DV.HDR.HEVC.Atmos-TRiToN.mkv WEB-4K 10.08GB Migration.2023.2160p.WEB-DL.DDP5.1.Atmos.SDR.H265-AOC 4K 12.43GB Migration.2023.2160p.WEB.h265-ETHEL 4K 10.04GB Migration.2023.UHD.BluRay.2160p.HEVC.Atmos.TrueHD.7.1-PANAM 4K 15.9GB Migration.2023.Hybrid.2160p.UHD.BluRay.DV.HDR10+.DDP.Atmos.7.1.x265-BiTOR 4K 17.57GB Migration.2023.2160p.BluRay.DoVi.x265.10bit.Atmos.TrueHD7.1-CTRLHD 4K 10.04GB Migration.2023.UHD.BluRay.2160p.HEVC.Atmos.TrueHD.7.1-PANAM 4K 15.9GB Migration.2023.Hybrid.2160p.UHD.BluRay.DV.HDR10+.DDP.Atmos.7.1.x265-BiTOR 4K 51.6GB Migration.2023.2160p.UHD.BluRay.REMUX.DV.HDR.HEVC.Atmos-TRiToN.mkv 4K 14.4GB Migration.2023.2160p.WEB-DL.DDP5.1.Atmos.DV.HDR.H.265-FLUX 4K 10.08GB Migration.2023.2160p.WEB-DL.DDP5.1.Atmos.SDR.H265-AOC 4K 12.43GB Migration.2023.2160p.WEB.h265-ETHEL 4K 13.79GB Migration.2023.2160p.UHD.BluRay.x265.10bit.DV.TrueHD.7.1.Atmos.2Audio-SONYHD 4K 17.16GB Migration.2023.2160p.HQ.WEB-DL.H265.60fps.DDP5.1.2Audio-DreamHD 4K 13.91GB Migration.2023.2160p.HQ.WEB-DL.H265.DDP5.1.2Audio-DreamHD Remux 20.97GB Migration.2023.BluRay.Remux.AVC.1080p.Atmos.TrueHD7.1-DreamHD 蓝光原盘 网盘 收藏级《飞鸭向前冲》顶级内封中字版蓝光ISO 蓝光原盘 38.57GB Migration.2023.BluRay.1080p.AVC.Atmos.TrueHD7.1-MTeam 蓝光原盘 38.57GB Migration.2023.BluRay.1080p.AVC.Atmos.TrueHD7.1-MTeam 1080P 10.98GB Migration.2023.BluRay.1080p.TrueHD.7.1.x264-MTeam 1080P 5.09GB Migration.2023.Hybrid.1080p.BluRay.DDP.7.1.x264-WiNHD 1080P 9.97GB Migration.2023.1080p.BluRay.x264.DTS.2Audio-ADE 1080P 12.23GB Migration.2023.1080p.BluRay.x264-eXterminator_EniaHD.mkv 1080P 6.8GB Migration.2023.1080p.BluRay.x265.10bit.Atmos.TrueHD7.1-CTRLHD 1080P 9.45GB Migration.2023.1080p.BluRay.x264.Atmos.TrueHD7.1-CTRLHD 1080P 9.45GB Migration.2023.1080p.BluRay.x264.Atmos.TrueHD7.1-WiKi 1080P 9.97GB Migration.2023.1080p.BluRay.x264.DTS.2Audio-ADE 1080P 10.98GB Migration.2023.BluRay.1080p.TrueHD.7.1.x264-MTeam 1080P 5.09GB Migration.2023.Hybrid.1080p.BluRay.DDP.7.1.x264-WiNHD 1080P 4.49GB Migration.2023.1080p.BluRay.x265.10bit.DTS.2Audio-SONYHD 1080P 9.97GB Migration.2023.1080p.BluRay.x264.DTS.2Audio-SONYHD 1080P 2.39GB Migration.2023.BluRay.1080p.AAC2.0.x264-DreamHD 1080P 6.83GB Migration.2023.V2.BluRay.1080p.TrueHD7.1.x264-DreamHD 1080P 4.85GB Migration.2023.V2.BluRay.1080p.TrueHD7.1.x265.10bit-DreamHD WEB-1080P 5.03GB Migration.2023.1080p.WEB-DL.DDP5.1.Atmos.H.264-FLUX WEB-1080P 5.03GB Migration.2023.1080p.WEB-DL.DDP5.1.Atmos.H.264-FLUX 字 幕 https://www.samfunny.com/download/index.php?id=36086942 ↓ ↓ ↓ 显 示 全 部 ↓ ↓ ↓ Copyright ©2021 音范丝|影音集 内容均采集自互联网，若侵犯您的权益请联系fanyun866#gmail.com，我们将尽快处理。 高清常识 常见问题 蓝光播放工具 点点字幕 布雷克影院 币圈中文攻略 银河碟屋 登录,,
"女服务员 WEB-DL版下载/Waitress, the Musical – Live on Broadway! 2023 Waitress 15.3G","女服务员/Waitress, the Musical – Live on Broadway!",2023,2023-06-12,美国,英语,144分钟,黛安·鲍鲁斯 Diane Paulus / 布雷特·沙利文 Brett Sullivan,杰茜·尼尔森 Jessie Nelson / 安德林妮·夏莉 Adrienne Shelly,莎拉·巴莱勒斯 Sara Bareilles,剧情 / 喜剧 / 歌舞,2023,8.4,https://www.imdb.com/title/tt15477042/,https://movie.douban.com/subject/36430245/,https://s44.playwoool.com/wp-content/uploads/2024/01/p2901827042.webp,音乐剧《女服务员》 是一个温馨的故事，讲述了一名馅饼师和女服务员珍娜·亨特森（莎拉·巴莱勒斯 Sara Bareilles 饰）的生活，在小镇上经历了一段不美满的婚姻后，珍娜在烘焙中找到了慰藉，并梦想赢得附近城市的烘焙比赛，以摆脱平凡的生活。 标签：剧情 喜剧 歌舞 -本片字幕下载请点这里- 全部磁力链 4K 蓝光原盘 蓝光高清 WEB-DL 字 幕 [无损音乐1T] [美剧蓝光32T] [观影APP] [115网盘优惠充值] WEB-4K 15.3GB Waitress.The.Musical.2023.2160p.AMZN.WEB-DL.DDP5.1.H.265-FLUX WEB-1080P 9.65GB Waitress.The.Musical.2023.1080p.AMZN.WEB-DL.DDP5.1.H.264-FLUX WEB-1080P 7.09GB Waitress.The.Musical.2023.1080p.WEB.h264-EDITH.mkv WEB-1080P 2.98GB Waitress.The.Musical.2023.1080p.AMZN.WEBRip.DDP5.1.x265.10bit-GalaxyRG265 字 幕 https://www.samfunny.com/download/index.php?id=36430245 Copyright ©2021 音范丝|影音集 内容均采集自互联网，若侵犯您的权益请联系fanyun866#gmail.com，我们将尽快处理。 高清常识 常见问题 蓝光播放工具 点点字幕 布雷克影院 币圈中文攻略 银河碟屋 登录,,
怪物 WEB-DL版下载/Kaibutsu/Monster 2023 怪物 4.52G,Kaibutsu/Monster,2023,2023-05-17,日本,日语,125分钟,是枝裕和 Hirokazu Koreeda,坂元裕二 Yûji Sakamoto,安藤樱 Sakura Andô,剧情,8.7,8,https://www.imdb.com/title/tt23736044/,https://movie.douban.com/subject/35797709/,https://s44.playwoool.com/wp-content/uploads/2024/01/p2902210211.webp,平静的湖畔小镇，疼爱儿子的单亲妈妈早织（安藤樱 饰）、为学生着想的爽直老师保利 （永山瑛太 饰）以及天真烂漫的孩子们本过着安稳的生活，却因为一次校园冲突，发酵酿成轩然大波，惹起社会与媒体的关注。当事态越见严重，竟在一个暴风雨的清晨，两个孩子双双失去了踪影……,"第76届戛纳电影节 (2023)
主竞赛单元金棕榈奖(提名) 是枝裕和
主竞赛单元最佳编剧 坂元裕二
酷儿棕榈奖长片酷儿棕榈奖 是枝裕和
第26届英国独立电影奖 (2023)
最佳外国独立电影(提名)",
无处逢生 WEB-DL版下载/漂流集装箱 2023 Nowhere 14.35G,无处逢生/漂流集装箱,2023,2023-09-29,西班牙,西班牙语,109分钟,阿尔伯特·平托 Albert Pintó,Indiana Lista / 欧内斯特·里埃拉 Ernest Riera / 西恩·温斯洛 Seanne Winslow / 特蕾莎·德·罗森多 Teresa de Rosendo,安娜·卡斯蒂罗 Anna Castillo,剧情/惊悚,7.0,6.4,,,https://s44.playwoool.com/wp-content/uploads/2023/10/p2897850897.webp,米娅（安娜·卡斯蒂罗饰）是一名孕妇，她和丈夫一起躲在海运集装箱中逃离集权国家。被强行分离后，一场猛烈的风暴将她抛入大海，她必须为生存而战。米娅独自漂流在大洋中央，她必须战胜各种问题，才能拯救女儿的生命并与伴侣团聚。 标签：剧情 小语种 惊悚 -本片字幕下载请点这里- 全部磁力链 4K 蓝光原盘 蓝光高清 WEB-DL 字 幕 [无损音乐1T] [美剧蓝光32T] [观影APP] [115网盘优惠充值] 1080P 在线观看 直接高品质在线观看《无处逢生 Nowhere》 WEB-4K 14.35GB Nowhere.2023.2160p.NF.WEB-DL.DUAL.DDP5.1.Atmos.H.265-FLUX.mkv WEB-4K 8.7GB Nowhere.2023.HDR.2160p.WEB-DL.H265-MassModz.mkv 4K 13.73GB Nowhere.2023.2160p.NF.WEB-DL.DV.H.265.DDP5.1.Atmos-QuickIO 4K 9.07GB Nowhere.2023.2160p.NF.WEB-DL.HDR.H.265.DDP5.1.Atmos-QuickIO 4K 13.2GB Nowhere.2023.2160p.NF.WEB-DL.H.265.DDP5.1.Atmos-QuickIO 4K 14.2GB Nowhere.2023.2160p.NF.WEB-DL.DUAL.DDP5.1.Atmos.DV.H.265-FLUX.mkv 4K 14.35GB Nowhere.2023.2160p.NF.WEB-DL.DUAL.DDP5.1.Atmos.H.265-FLUX.mkv 4K 8.7GB Nowhere.2023.HDR.2160p.WEB-DL.H265-MassModz.mkv WEB-1080P 4.26GB Nowhere.2023.1080p.WEB.h264-EDITH WEB-1080P 4.26GB Nowhere.2023.1080p.WEB.h264-EDITH 字 幕 https://www.samfunny.com/download/index.php?id=35642187 Copyright ©2021 音范丝|影音集 内容均采集自互联网，若侵犯您的权益请联系fanyun866#gmail.com，我们将尽快处理。 高清常识 常见问题 蓝光播放工具 点点字幕 布雷克影院 币圈中文攻略 银河碟屋 登录,,
冷血动物 WEB-DL版下载/血色蜕变(港) / 卑鄙之人 / 爬行动物 2023 Reptile 19.15G,冷血动物 / 血色蜕变(港) / 卑鄙之人 / 爬行动物,2023,2023-09-07,美国,英语,134分钟,格兰特·辛格 Grant Singer (id:1498104),格兰特·辛格 Grant Singer (id:1498104),,剧情 / 惊悚 / 犯罪,2023,13274016,https://www.imdb.com/title/tt13274016/,https://movie.douban.com/subject/35603697/,https://s44.playwoool.com/wp-content/uploads/2023/10/p2897863837.webp,在一名年轻的房地产经纪人被残忍杀害后，冷酷的侦探试图在这个一切都与表象不符的案件中揭开真相，并打破他自己生活中的幻象。 标签：剧情 惊悚 犯罪 -本片字幕下载请点这里- 全部磁力链 4K 蓝光原盘 蓝光高清 WEB-DL 字 幕 [无损音乐1T] [美剧蓝光32T] [观影APP] [115网盘优惠充值] WEB-4K 19.15GB Reptile.2023.2160p.NF.WEB-DL.DDP5.1.Atmos.DV.HDR.H.265-FLUX WEB-1080P 2.98GB Reptile.2023.1080p.WEB-DL.NF.HEVC.DDP.5.1.Atmos.x265-PANAM WEB-1080P 8.21GB Reptile.2023.1080p.NF.WEB-DL.DDP5.1.Atmos.H.264-FLUX.mkv WEB-1080P 8.2GB Reptile.2023.1080p.WEB.H264-AccomplishedYak 字 幕 https://www.samfunny.com/download/index.php?id=35603697 Copyright ©2021 音范丝|影音集 内容均采集自互联网，若侵犯您的权益请联系fanyun866#gmail.com，我们将尽快处理。 高清常识 常见问题 蓝光播放工具 点点字幕 布雷克影院 币圈中文攻略 银河碟屋 登录,,
伸冤人3 4K蓝光原盘下载+高清MKV版/私刑教育3(台) / 叛谍裁判3：终极一战(港) 2023 The Equalizer 3 52.9G,伸冤人3 / 私刑教育3(台) / 叛谍裁判3：终极一战(港),2023,2023-08-31,美国,英语,103分钟,安东尼·福奎阿 Antoine Fuqua (id:1013907),理查德·温克 Richard Wenk (id:1300710),,动作 / 惊悚 / 犯罪,7.1,17024450,https://www.imdb.com/title/tt17024450/,https://movie.douban.com/subject/35736400/,https://s44.playwoool.com/wp-content/uploads/2023/10/p2896890236.webp,退休特工兼私人侦探罗伯特·麦考尔（丹泽尔·华盛顿 饰）大杀四方为复仇之路写下最后一章。他放弃了为政府担任杀手的生活，并一直在努力调解过去所做的可怕之事，在代表被压迫者伸张正义时，他的内心找到了一种奇怪的慰藉。在意大利南部，罗伯特发现他的新朋友被犯罪头目控制了，随着事件变得致命起来，罗伯特知道自己必须与黑手党交手，以保护朋友安全。 标签：4K 动作 惊悚 犯罪 -本片字幕下载请点这里- 全部磁力链 4K 蓝光原盘 蓝光高清 WEB-DL 字 幕 [无损音乐1T] [美剧蓝光32T] [观影APP] [115网盘优惠充值] 4K原盘 免下载 《伸冤人3》The.Equalizer.3.2023[4K][DIY简繁英] 4K 23.28GB The.Equalizer.3.2023.2160p.BluRay.DoVi.x265.10bit.Atmos.TrueHD7.1-CTRLHD 4K 12.94GB The.Equalizer.3.2023.2160p.UHD.BluRay.x265.10bit.DV.TrueHD.7.1.Atmos-SONYHD WEB-4K 4.47GB The.Equalizer.3.2023.2160p.WEB-DL.DDP5.1.H265.60fps.2Audio-ParkHD 4K 42.65GB 2023.V2.UHD.BluRay.REMUX.2160p.HEVC.DoVi.HDR10.Atmos.TrueHD7.1-DreamHD 4K 16.36GB The.Equalizer.3.2023.4K.UHD.BluRay.2160p.DoVi.HDR.TrueHD.7.1.Atmos.H.265-MgB WEB-4K 17.05GB 2023.2160p.HQ.WEB-DL.DDP5.1.H265.60fps.2Audio-ParkHD WEB-4K 11.29GB The.Equalizer.3.2023.2160p.iTunes.WEB-DL.DD.5.1.HDR10.H.265-DreamHD WEB-4K 11.32GB The.Equalizer.3.2023.2160p.iTunes.WEB-DL.DD.5.1.DV.H.265-DreamHD 4K 17.36GB The.Equalizer.3.2023.2160p.UHD.BluRay.x265.10bit.HDR.Atmos.TrueHD7.1-NukeHD WEB-4K 3.62GB The.Equalizer.3.2023.2160p.WEB-DL.DDP5.1.H265.2Audio-ParkHD WEB-4K 14.04GB The.Equalizer.3.2023.2160p.HQ.WEB-DL.DDP5.1.H265.2Audio-ParkHD Remux 26.53GB The.Equalizer.3.2023.V2.TWN.BluRay.Remux.AVC.1080p.Atmos.TrueHD7.1-DreamHD WEB-4K 9.85GB The.Equalizer.3.2023.2160p.EDR.WEB-DL.DDP5.1.H265.2Audio-ParkHD 4K 14.87GB The.Equalizer.3.2023.Repack.2160p.UHD.BluRay.x265.10bit.DV.TrueHD.7.1.Atmos-SONYHD 蓝光原盘 网盘 收藏级《伸冤人3》顶级内封中字版蓝光ISO 蓝光原盘 52.92GB THE.EQUALIZER.3.2023.4K.UHD.COMPLETE.BLURAY-MassModz 1080P 8.38GB The.Equalizer.3.2023.1080p.BluRay.DTS.5.1.x264-GPTHD 1080P 3.19GB The.Equalizer.3.2023.BluRay.1080p.AAC2.0.x264-DreamHD 1080P 13.77GB The.Equalizer.3.2023.V3.BluRay.1080p.TrueHD7.1.x264-DreamHD 1080P 7.57GB The.Equalizer.3.2023.1080p.BluRay.x264.DTS-SONYHD 1080P 4.15GB The.Equalizer.3.2023.1080p.BluRay.x265.10bit.DTS-SONYHD 1080P 5.78GB The.Equalizer.3.2023.V2.BluRay.1080p.DTS-HDMA5.1.x265.10bit-DreamHD 1080P 12.35GB The.Equalizer.3.2023.V2.BluRay.1080p.DTS-HDMA5.1.x264-DreamHD 1080P 6.05GB The.Equalizer.3.2023.1080p.BluRay.DTS.5.1.x265-GPTHD 1080P 9.05GB The.Equalizer.3.2023.V3.BluRay.1080p.TrueHD7.1.x265.10bit-DreamHD 字 幕 https://www.samfunny.com/download/index.php?id=35736400 ↓ ↓ ↓ 显 示 全 部 ↓ ↓ ↓ Copyright ©2021 音范丝|影音集 内容均采集自互联网，若侵犯您的权益请联系fanyun866#gmail.com，我们将尽快处理。 高清常识 常见问题 蓝光播放工具 点点字幕 布雷克影院 币圈中文攻略 银河碟屋 登录,,
果尔达 WEB-DL版下载/以色列铁娘子 2023 Golda 17.34G,果尔达 / 以色列铁娘子,2023,2023-02-20,英国,英语 / 希伯来语,100分钟,盖·纳蒂弗 Guy Nattiv (id:1303939),尼古拉斯·马丁 Nicholas Martin (id:1291136),,剧情 / 传记 / 历史 / 战争,7.8,,,,https://s44.playwoool.com/wp-content/uploads/2023/09/p2896037406.webp,海伦·米伦饰演以色列历史上迄今为止唯一一位女总理果尔达·梅厄，故事围绕其在赎罪日战争期间面临的严峻而高风险的决定展开。 标签：传记 剧情 历史 战争 -本片字幕下载请点这里- 全部磁力链 4K 蓝光原盘 蓝光高清 WEB-DL 字 幕 [无损音乐1T] [美剧蓝光32T] [观影APP] [115网盘优惠充值] 1080P 在线观看 直接高品质在线观看《果尔达 Golda》 Remux 18.03GB Golda.2023.1080p.BluRay.Remux.AVC.DTS-HD.MA.5.1-Jolan 4K 14.56GB Golda.2023.2160p.WEB.H265-SLOT WEB-4K 19.26GB Golda.2023.Hybrid.2160p.WEB-DL.DoVi.HDR10plus.HEVC.DTS-HD.MA.5.1 4K 17.34GB Golda.2023.HDR.2160p.WEB.H265-SLOT 蓝光原盘 网盘 收藏级《果尔达》顶级内封中字版蓝光ISO 蓝光原盘 23.3GB Golda.2023.COMPLETE.BLURAY-iNTEGRUM 1080P 9.78GB Golda.2023.1080p.BluRay.x264.DTS-ADE WEB-1080P 6.74GB Golda.2023.1080p.AMZN.WEB-DL.DDP5.1.H.264-OWiE WEB-1080P 6.74GB Golda.2023.1080p.AMZN.WEB-DL.DDP5.1.H.264-OWiE 字 幕 https://www.samfunny.com/download/index.php?id=35525524 Copyright ©2021 音范丝|影音集 内容均采集自互联网，若侵犯您的权益请联系fanyun866#gmail.com，我们将尽快处理。 高清常识 常见问题 蓝光播放工具 点点字幕 布雷克影院 币圈中文攻略 银河碟屋 登录,,
蜘蛛侠：纵横宇宙 4K蓝光原盘下载+高清MKV版/蜘蛛侠：平行宇宙2 / 蜘蛛侠：纵横宇宙(上) / 蜘蛛人：穿越新宇宙(台) / 蜘蛛侠：飞跃蜘蛛宇宙(港) / Spider-Man: Across the Spider-Verse Part One / Spider-Man: Into the Spider-Verse 2 / Spider-Man: Across The Spider-Verse (Part One) 2023 Spider-Man: Across the Spider-Verse 72.34G,蜘蛛侠：平行宇宙2 / 蜘蛛侠：纵横宇宙(上) / 蜘蛛人：穿越新宇宙(台) / 蜘蛛侠：飞跃蜘蛛宇宙(港) / Spider-Man: Across the Spider-Verse Part One / Spider-Man: Into the Spider-Verse 2 / Spider-Man: Across The Spider-Verse (Part One),2023,2023-06-02,美国,英语,140分钟,乔伊姆·多斯·桑托斯 Joaquim Dos Santos,菲尔·罗德 Phil Lord,,喜剧 / 动作 / 科幻 / 动画 / 奇幻 / 冒险,8.5,8.9,https://www.imdb.com/title/tt9362722/,https://movie.douban.com/subject/30391186/,https://s44.playwoool.com/wp-content/uploads/2023/08/p2892758377.webp,影片讲述了新生代蜘蛛侠迈尔斯（沙梅克·摩尔 Shameik Moore 配音）携手蜘蛛格温（海莉·斯坦菲尔德 Hailee Steinfeld 配音），穿越多元宇宙踏上更宏大的冒险征程的故事。面临每个蜘蛛侠都会失去至亲的宿命，迈尔斯誓言打破命运魔咒，找到属于自己的英雄之路。而这个决定和蜘蛛侠2099（奥斯卡·伊萨克 Oscar Is aac 配音）所领军的蜘蛛联盟产生了极大冲突，一场以一敌百的蜘蛛侠大内战即将拉响！ 标签：冒险 动作 动画 喜剧 奇幻 科幻 -本片字幕下载请点这里- 全部磁力链 4K 蓝光原盘 蓝光高清 WEB-DL 字 幕 [无损音乐1T] [美剧蓝光32T] [观影APP] [115网盘优惠充值] WEB-4K 23.76GB Spider-Man.Across.the.Spider-Verse.2023.2160p.WEB-DL.DDP5.1.Atmos.DV.HDR.H.265-FLUX WEB-4K 23.76GB Spider-Man.Across.the.Spider-Verse.2023.2160p.WEB-DL.DDP5.1.Atmos.DV.HDR.H.265-FLUX.mkv 4K 72.34GB Spider-Man.Across.the.Spider-Verse.2023.2160p.UHD.Remux.HEVC.DoVi.TrueHD.Atmos.7.1-playBD.mkv Remux 25.97GB Spider-Man.Across.the.Spider-Verse.2023.1080p.Blu-ray.Remux.AVC.DTS-HD.MA.5.1-HDT 4K 23.73GB Spider-Man.Across.The.Spider-Verse.2023.REAL.HDR.2160p.WEB.h265-ETHEL WEB-4K 19.61GB Spider-Man.Across.The.Spider-Verse.2023.2160p.WEB-DL.HebDub.HEVC.10bit.HDR.x265-iSrael WEB-4K 24.55GB Spider-Man.Across.the.Spider-Verse.2023.2160p.MA.WEB-DL.DDP5.1.Atmos.DV.HDR.H.265-FLUX.mkv Remux 27.54GB Spider.Man.Across.The.Spider.Verse.2023.1080p.Bluray.Remux.Multi.Audio.AVC.DTS-HD.MA.5.1-VARR0A 4K 32.89GB Spider-Man.Across.the.Spider-Verse.2023.2160p.BluRay.DoVi.x265.10bit.Atmos.TrueHD7.1-CTRLHD Remux 72.84GB Spider-Man.Across.the.Spider-Verse.2023.UHD.Blu-ray.Remux.DV.HDR.HEVC.TrueHD.Atmos.7.1-CiNEPHiLES.mk 4K 20.24GB Spider-Man.Across.The.Spider-Verse.2023.REAL.2160p.WEB.H265-ETHEL 蓝光原盘 网盘 收藏级《蜘蛛侠：纵横宇宙》顶级内封中字版蓝光ISO 蓝光原盘 43.27GB Spider-Man.Across.The.Spider-Verse.2023.COMPLETE.BLURAY-RiSEHD 1080P 11.04GB Spider-Man.Across.the.Spider-Verse.2023.1080p.BluRay.x265.10bit.DTS-WiKi 1080P 15.14GB Spider-Man.Across.the.Spider-Verse.2023.BluRay.1080p.DTS-HDMA5.1.x264-DreamHD 1080P 16.23GB Spider-Man.Across.the.Spider-Verse.2023.1080p.BluRay.x264.DTS-WiKi 1080P 16.23GB Spider-Man.Across.the.Spider-Verse.2023.1080p.BluRay.x264.DTS-CTRLHD 1080P 15.51GB Spider-Man.Across.the.Spider-Verse.2023.HYBRID.BluRay.1080p.DTS-HD.MA.TrueHD.7.1.Atmos.x264-MgB 1080P 11.04GB Spider-Man.Across.the.Spider-Verse.2023.1080p.BluRay.x265.10bit.DTS-CTRLHD 1080P 10.15GB Spider-Man.Across.the.Spider-Verse.2023.BluRay.1080p.DTS.AC3.x264-MgB 1080P 14.52GB Spider-Man.Across.The.Spider-Verse.2023.1080p.BluRay.x264-ROEN WEB-1080P 9.08GB Spider-Man.Across.The.Spider-Verse.2023.1080p.WEB-DL.DDP5.1.Atmos.x264-AOC WEB-1080P 9.78GB Spider-Man.Across.The.Spider-Verse.2023.1080p.10bit.UHD.WEB-Rip.DV.HDR.HEVC.DDPA.5.1-NmCT.mkv WEB-1080P 10.53GB Spider-Man.Across.the.Spider-Verse.2023.1080p.WEB.DV.HDR.DDP.Atmos.5.1.x265-BiTOR 字 幕 https://www.samfunny.com/download/index.php?id=30391186 ↓ ↓ ↓ 显 示 全 部 ↓ ↓ ↓ Copyright ©2021 音范丝|影音集 内容均采集自互联网，若侵犯您的权益请联系fanyun866#gmail.com，我们将尽快处理。 高清常识 常见问题 蓝光播放工具 点点字幕 布雷克影院 币圈中文攻略 银河碟屋 登录,,
"再见，我的灵魂伴侣 WEB-DL版下载/灵魂伴侣(台) / 微笑与夏温(港) / 안녕,나의 소울메이트 / Soulmate / 七月与安生韩版 2023 소울메이트 7.04G","再见，我的灵魂伴侣 / 灵魂伴侣(台) / 微笑与夏温(港) / 안녕,나의 소울메이트 / Soulmate / 七月与安生韩版",2023,2023-03-15,韩国,韩语,124分钟,闵龙根 Yong-geun Min (id:1313443),姜贤珠 Kang Hyun-joo (id:1488383),,剧情 / 爱情,7.4,13086130,https://www.imdb.com/title/tt13086130/,https://movie.douban.com/subject/34670297/,https://s44.playwoool.com/wp-content/uploads/2023/05/p2886570078.webp,1988年生的两位女生微笑和河恩一起度过了幼年时期，在成长为大人的过程中经历了颇为曲折的关系。两人平静的世界在10多岁的时候，随着河恩和同班同学振宇开始初恋，出现了细微的裂痕。自由奔放的微笑去城市追求冒险的生活，河恩则留在故乡过安定的生活，两个人就这样渐行渐远…… 标签：剧情 日韩 爱情 -本片字幕下载请点这里- 全部磁力链 4K 蓝光原盘 蓝光高清 WEB-DL 字 幕 [无损音乐1T] [美剧蓝光32T] [观影APP] [115网盘优惠充值] Remux 31.3GB Soulmate.2023.1080p.Blu-ray.Remux.AVC.DTS-HD.MA.5.1-SupaHacka 蓝光原盘 网盘 收藏级《再见，我的灵魂伴侣》顶级内封中字版蓝光ISO 1080P 11.72GB Soulmate.2023.1080p.BluRay.x264.DTS-WiKi 1080P 8.26GB Soulmate.2023.1080p.BluRay.x265.10bit.DTS-CTRLHD 1080P 11.72GB Soulmate.2023.1080p.BluRay.x264.DTS-CTRLHD 1080P 13.98GB Soulmate.2023.1080p.BluRay.x264.DTS-SONYHD 1080P 7.52GB Soulmate.2023.1080p.BluRay.x265.10bit.DTS-SONYHD WEB-1080P 1.93GB Soulmate.2023.KOREAN.1080p.WEBRip.x265-VXT WEB-1080P 7.04GB Soulmate.2023.KOREAN.1080p.WEBRip.AAC2.0.x264-PandaMoon WEB-1080P 2.37GB Soulmate.2023.KOREAN.1080p.WEBRip.x264-VXT WEB-1080P 1.93GB Soulmate.2023.KOREAN.1080p.WEBRip.x265-VXT WEB-1080P 2.37GB Soulmate.2023.KOREAN.1080p.WEBRip.x264-VXT WEB-1080P 7.04GB Soulmate.2023.KOREAN.1080p.WEBRip.AAC2.0.x264-PandaMoon 字 幕 https://www.samfunny.com/download/index.php?id=34670297 Copyright ©2021 音范丝|影音集 内容均采集自互联网，若侵犯您的权益请联系fanyun866#gmail.com，我们将尽快处理。 高清常识 常见问题 蓝光播放工具 点点字幕 布雷克影院 币圈中文攻略 银河碟屋 登录,,
龙与地下城：侠盗荣耀 4KWEBDL-下载/龙与地下城：盗贼荣耀(台) / 龙与地下城：盗亦有道(港) / 龙与地下城：盗贼中的荣耀 / D&D Dungeons & Dragons: Honor Among Thieves 23.57G,龙与地下城：侠盗荣耀/龙与地下城：盗贼荣耀(台)/龙与地下城：盗亦有道(港)/龙与地下城：盗贼中的荣耀/D&D,2023,2023-03-10,美国/加拿大,英语,134分钟,约翰·弗朗西斯·戴利 John Francis Daley/乔纳森·戈尔茨坦 Jonathan M. Goldstein,乔纳森·戈尔茨坦 Jonathan M. Goldstein,克里斯·派恩 Chris Pine,动作/奇幻/冒险,7.7,2906216,https://www.imdb.com/title/tt2906216/,https://movie.douban.com/subject/26584673/,https://s44.playwoool.com/wp-content/uploads/2023/05/p2889236847.webp,艾德金（克里斯·派恩 Chris Pine 饰）是一名吟游诗人，在一次盗宝行动中，他的贪婪导致了妻子的死亡。之后，野蛮人霍尔盖（米歇尔·罗德里格兹 Michelle Rodriguez 饰）出现在了颓废的艾德金身边，和他共同抚养女儿琪拉（克洛伊·科尔曼 Chloe Coleman 饰）。 琪拉长大之后，艾德金、霍尔盖带着琪拉和她的舅舅福奇（休·格兰特 Hugh Grant 饰）等人组成了一支盗宝团队，哪知道在一次行动之中失手了，最终，艾德金和霍尔盖锒铛入狱。一晃眼多年过去，艾德金和霍尔盖联手越狱，并且决定夺回他们当年未得手的宝物，为了达成目的，他们还吸纳了菜鸟术士西蒙（贾斯蒂斯·史密斯 Justice Smith 饰）和德鲁伊女孩多立克（索菲娅·莉莉丝 Sophia Lillis 饰）。就在艾德金一行人离宝物越来越近之际，当年带着琪拉逃跑的福奇，他的… 标签：冒险 动作 奇幻 -本片字幕下载请点这里- 全部磁力链 4K 蓝光原盘 蓝光高清 WEB-DL 字 幕 [无损音乐1T] [美剧蓝光32T] [观影APP] [115网盘优惠充值] 4K 75.92GB 2023.V2.UHD.BluRay.REMUX.2160p.HEVC.DoVi.HDR.Atmos.TrueHD7.1.3Audio-DreamHD 4K 32.61GB Dungeons.and.Dragons.Honor.Among.Thieves.2023.2160p.BluRay.x265.10bit.SDR.DTS-HD.MA.TrueHD.7.1.Atmos 4K 34.36GB Dungeons.and.Dragons.Honor.Among.Thieves.2023.2160p.BluRay.x264.8bit.SDR.DTS-HD.MA.TrueHD.7.1.Atmos- 4K 23.68GB Dungeons.and.Dragons.Honor.Among.Thieves.2023.2160p.UHD.BluRay.x265.10bit.HDR.TrueHD.7.1.Atmos-B0MBA 4K 8.24GB Dungeons.and.Dragons.Honor.Among.Thieves.2023.2160p.UHD.BluRay.x265.10bit.HDR.DDP5.1.Atmos-RARBG Remux 37.95GB Dungeons.and.Dragons.Honor.Among.Thieves.2023.1080p.BluRay.REMUX.AVC.DTS-HD.MA.TrueHD.7.1.Atmos-FGT 4K 12.01GB Dungeons.and.Dragons.Honor.Among.Thieves.2023.2160p.UHD.BluRay.x265.10bit.HDR.TrueHD.7.1.Atmos-RARBG 4K 75.75GB Dungeons.and.Dragons.Honor.Among.Thieves.2023.2160p.BluRay.REMUX.HEVC.DTS-HD.MA.TrueHD.7.1.Atmos-FGT 蓝光原盘 网盘 收藏级《龙与地下城：侠盗荣耀》顶级内封中字版蓝光ISO 蓝光原盘 42.68GB Dungeons.and.Dragons.Honor.Among.Thieves.2023.1080p.BluRay.AVC.TrueHD.7.1.Atmos-iNTEGRUM 蓝光原盘 86.16GB Dungeons.and.Dragons.Honor.Among.Thieves.2023.2160p.BluRay.HEVC.TrueHD.7.1.Atmos-B0MBARDiERS 720P 1.62GB Dungeons.and.Dragons.Honor.Among.Thieves.2023.720p.BluRay.H264.AAC-RARBG 720P 6.2GB Dungeons.and.Dragons.Honor.Among.Thieves.2023.720p.BluRay.x264-PiGNUS 1080P 17.2GB Dungeons.and.Dragons.Honor.Among.Thieves.2023.BluRay.1080p.DTS-HD.MA.TrueHD.7.1.Atmos.x264-MgB 1080P 16.26GB Dungeons.and.Dragons.Honor.Among.Thieves.2023.1080p.BluRay.x264-PiGNUS 1080P 2.56GB Dungeons.and.Dragons.Honor.Among.Thieves.2023.1080p.BluRay.H264.AAC-RARBG 1080P 10.3GB Dungeons.and.Dragons.Honor.Among.Thieves.2023.BluRay.1080p.DTS.AC3.x264-MgB 1080P 15.65GB Dungeons.and.Dragons.Honor.Among.Thieves.2023.1080p.BluRay.x264.DTS-HD.MA.7.1-NOGRP 1080P 19.35GB Dungeons.and.Dragons.Honor.Among.Thieves.2023.1080p.BluRay.x264-HiDt_EniaHD.mkv 1080P 2.09GB Dungeons.and.Dragons.Honor.Among.Thieves.2023.1080p.BluRay.x265-RARBG 字 幕 https://www.samfunny.com/download/index.php?id=26584673 Copyright ©2021 音范丝|影音集 内容均采集自互联网，若侵犯您的权益请联系fanyun866#gmail.com，我们将尽快处理。 高清常识 常见问题 蓝光播放工具 点点字幕 布雷克影院 币圈中文攻略 银河碟屋 登录,,
奎迪3 蓝光高清MKV版/金牌拳手3(台)/洛奇系列：王者之后(港)/Creed 3 2023 Creed III 20.2G,奎迪3/金牌拳手3(台)/洛奇系列：王者之后(港)/Creed 3,2023,2023-03-01,美国,英语,,迈克尔·B·乔丹 Michael B. Jordan,扎克·贝林 Zach Baylin,迈克尔·B·乔丹 Michael B. Jordan,剧情/运动,3,11145118,https://www.imdb.com/title/tt11145118/,https://movie.douban.com/subject/34919107/,https://s44.playwoool.com/wp-content/uploads/2023/04/p2887249781.webp,你的过往是你最强的敌人！ 拳击系列电影《奎迪》第三部，迈克尔·B·乔丹继续饰演奎迪并首次担任导演。史泰龙将不再继续出演洛奇。 阿多尼斯·奎迪（迈克尔·B·乔丹 饰）在拳击界大获成功后，事业和家庭生活都很顺利，儿时朋友达米安（乔纳森·梅杰斯 饰）这时在出狱后与他联系。达 米安过去曾是拳击天才，坐牢很久后终于出狱，现在一心想证明自己值得重新回到拳击擂台。过往的好友即将展开对决，但这不单只是一场比赛，两人还有旧账要算，阿多尼斯为此必须赌上自己的未来，因为对手达米安已经毫无顾忌。 标签：剧情 运动 -本片字幕下载请点这里- 全部磁力链 4K 蓝光原盘 蓝光高清 WEB-DL 字 幕 [无损音乐1T] [美剧蓝光32T] [观影APP] [115网盘优惠充值] 4K 30.07GB Creed.III.2023.2160p.BluRay.x264.8bit.SDR.DTS-HD.MA.TrueHD.7.1.Atmos-SWTYBLZ 4K 77.49GB Creed.III.2160p.BluRay.REMUX.HEVC.DTS-HD.MA.TrueHD.7.1.Atmos-FGT 4K 7.14GB Creed.III.2023.2160p.UHD.BluRay.x265.10bit.HDR.DDP5.1.Atmos-RARBG 4K 30.37GB Creed.III.2023.2160p.BluRay.x265.10bit.SDR.DTS-HD.MA.TrueHD.7.1.Atmos-SWTYBLZ Remux 30.42GB Creed.III.2023.1080p.BluRay.REMUX.AVC.DTS-HD.MA.TrueHD.7.1.Atmos-FGT 4K 9.45GB Creed.III.2023.2160p.UHD.BluRay.x265.10bit.HDR.TrueHD.7.1.Atmos-RARBG 4K 22.49GB Creed.III.2023.2160p.UHD.BluRay.x265-B0MBARDiERS WEB-4K 12.4GB Creed.III.2023.2160p.WEB-DL.DDP5.1.Atmos.DV.MKV.x265-FLUX 4K 82.36GB Creed.III.COMPLETE.UHD.BLURAY-B0MBARDiERS WEB-4K 20.24GB Creed.III.2023.2160p.WEB-DL.x265.10bit.HDR10Plus.DDP5.1.Atmos-FLUX Remux 25.23GB Creed.III.2023.BluRay.1080p.TrueHD.Atmos.7.1.AVC.REMUX-FraMeSToR WEB-4K 12.4GB Creed.III.2023.2160p.WEB-DL.DDP5.1.Atmos.DV.MP4.x265-DVSUX 4K 66.14GB Creed.III.2023.2160p.UHD.Bluray.REMUX.DV.HDR10.HEVC.TrueHD.Atmos.7.1-GHD 4K 64.8GB Creed.III.2023.UHD.BluRay.REMUX.2160p.HEVC.DoVi.HDR.Atmos.TrueHD7.1-DreamHD 4K 7.14GB Creed.III.2023.2160p.UHD.BluRay.x265.10bit.HDR.DDP5.1.Atmos-RARBG 4K 9.45GB Creed.III.2023.2160p.UHD.BluRay.x265.10bit.HDR.TrueHD.7.1.Atmos-RARBG 4K 30.37GB Creed.III.2023.2160p.BluRay.x265.10bit.SDR.DTS-HD.MA.TrueHD.7.1.Atmos-SWTYBLZ 4K 30.07GB Creed.III.2023.2160p.BluRay.x264.8bit.SDR.DTS-HD.MA.TrueHD.7.1.Atmos-SWTYBLZ 4K 22.49GB Creed.III.2023.2160p.UHD.BluRay.x265-B0MBARDiERS 4K 82.36GB Creed.III.COMPLETE.UHD.BLURAY-B0MBARDiERS 4K 77.49GB Creed.III.2160p.BluRay.REMUX.HEVC.DTS-HD.MA.TrueHD.7.1.Atmos-FGT 4K 20.24GB Creed.III.2023.2160p.WEB-DL.x265.10bit.HDR10Plus.DDP5.1.Atmos-FLUX 4K 12.4GB Creed.III.2023.2160p.WEB-DL.DDP5.1.Atmos.DV.MP4.x265-DVSUX 4K 12.4GB Creed.III.2023.2160p.WEB-DL.DDP5.1.Atmos.DV.MKV.x265-FLUX 4K 12.67GB Creed.III.2023.2160p.AMZN.WEB-DL.DDP5.1.HDR10+.H265-MOMOWEB Remux 24.86GB Creed.III.2023.BluRay.REMUX.1080p.AVC.Atmos.TrueHD7.1-DreamHD Remux 25.23GB Creed.III.2023.BluRay.1080p.TrueHD.Atmos.7.1.AVC.REMUX-FraMeSToR Remux 30.42GB Creed.III.2023.1080p.BluRay.REMUX.AVC.DTS-HD.MA.TrueHD.7.1.Atmos-FGT 蓝光原盘 网盘 收藏级《奎迪3》顶级内封中字版蓝光ISO 蓝光原盘 34.82GB Creed.III.2023.1080p.BluRay.AVC.DTS-HD.MA.TrueHD.7.1.Atmos-Tasko 蓝光原盘 34.82GB Creed.III.2023.1080p.BluRay.AVC.DTS-HD.MA.TrueHD.7.1.Atmos-Tasko 720P 1.4GB Creed.III.2023.720p.BluRay.H264.AAC-RARBG 720P 4.59GB Creed.III.2023.720p.BluRay.x264.DTS-MT 1080P 13.95GB Creed.III.2023.1080p.BluRay.x264.TrueHD.7.1.Atmos-MT 1080P 13.04GB Creed.III.2023.1080p.BluRay.x264-PiGNUS 1080P 1.81GB Creed.III.2023.1080p.BluRay.x265-RARBG 1080P 12.5GB Creed III 2023 BluRay 1080p DTS-HD MA TrueHD 7.1 Atmos x264-MgB 1080P 2.22GB Creed.III.2023.1080p.BluRay.H264.AAC-RARBG 720P 4.95GB Creed.III.2023.720p.BluRay.x264-PiGNUS 1080P 12.15GB Creed.III.2023.1080p.BluRay.x264.DTS-MT 1080P 14GB Creed.III.2023.1080p.BluRay.x264.DTS-HD.MA.7.1-MT 1080P 12.5GB Creed III 2023 BluRay 1080p DTS-HD MA TrueHD 7.1 Atmos x264-MgB 1080P 13.04GB Creed.III.2023.1080p.BluRay.x264-PiGNUS 1080P 1.81GB Creed.III.2023.1080p.BluRay.x265-RARBG 1080P 12.15GB Creed.III.2023.1080p.BluRay.x264.DTS-MT 1080P 2.22GB Creed.III.2023.1080p.BluRay.H264.AAC-RARBG 1080P 13.95GB Creed.III.2023.1080p.BluRay.x264.TrueHD.7.1.Atmos-MT 1080P 14GB Creed.III.2023.1080p.BluRay.x264.DTS-HD.MA.7.1-MT 720P 4.95GB Creed.III.2023.720p.BluRay.x264-PiGNUS 720P 4.59GB Creed.III.2023.720p.BluRay.x264.DTS-MT 720P 1.4GB Creed.III.2023.720p.BluRay.H264.AAC-RARBG WEB-720P 2.72GB Creed.III.2023.720p.AMZN.WEBRip.DDP5.1.Atmos.x264-FLUX WEB-1080P 5.81GB Creed.III.2023.1080p.AMZN.WEB-DL.DDP.5.1.H.264-PiRaTeS WEB-720P 2.93GB Creed.III.2023.720p.WEB.H264-SLOT WEB-1080P 5.92GB Creed.III.2023.1080p.WEB-DL.DDP5.1.Atmos.x264-AOC WEB-1080P 5.91GB Creed.III.2023.1080p.AMZN.WEBRip.DDP5.1.Atmos.x264-FLUX WEB-1080P 2.23GB Creed.III.2023.1080p.WEBRip.x264-RARBG WEB-1080P 5.81GB Creed.III.2023.1080p.WEB.H264-NAISU WEB-1080P 1.82GB Creed.III.2023.1080p.WEBRip.x265-RARBG WEB-1080P 5.81GB Creed.III.2023.1080p.AMZN.WEB-DL.DDP.5.1.H.264-PiRaTeS WEB-1080P 1.82GB Creed.III.2023.1080p.WEBRip.x265-RARBG WEB-1080P 5.92GB Creed.III.2023.1080p.WEB-DL.DDP5.1.Atmos.x264-AOC WEB-1080P 5.81GB Creed.III.2023.1080p.WEB.H264-NAISU WEB-1080P 2.23GB Creed.III.2023.1080p.WEBRip.x264-RARBG WEB-1080P 5.91GB Creed.III.2023.1080p.AMZN.WEBRip.DDP5.1.Atmos.x264-FLUX WEB-720P 2.93GB Creed.III.2023.720p.WEB.H264-SLOT WEB-720P 2.72GB Creed.III.2023.720p.AMZN.WEBRip.DDP5.1.Atmos.x264-FLUX 字 幕 https://www.samfunny.com/download/index.php?id=34919107 ↓ ↓ ↓ 显 示 全 部 ↓ ↓ ↓ Copyright ©2021 音范丝|影音集 内容均采集自互联网，若侵犯您的权益请联系fanyun866#gmail.com，我们将尽快处理。 高清常识 常见问题 蓝光播放工具 点点字幕 布雷克影院 币圈中文攻略 银河碟屋 登录,,
英雄 蓝光原盘下载+高清MKV版/2002 Hero 31.8GB,Hero,2002,2002-12-19,中国大陆 / 中国香港,汉语普通话,93分钟,张艺谋 Yimou Zhang,李冯 Feng Li / 张艺谋 Yimou Zhang / 王斌 Bin Wang,李连杰 Jet Li,剧情 / 动作 / 武侠 / 古装,7.3,7.9,https://www.imdb.com/title/tt0299977,https://movie.douban.com/subject/1306123/,https://s44.playwoool.com/wp-content/uploads/2023/03/p2573337186.webp.jpg,"战国末期，燕、赵、楚、韩、魏、齐、秦七雄并起，惟秦国最为强大，急欲吞并六国一统天下，秦王（陈道明）因此成为六国大敌，各地不同的刺秦故事一直在上演，其中赵国刺客残剑（梁朝伟）、飞雪（张曼玉）、如月（章子怡）、长空（甄子丹）因名震天下的高超剑术，令秦王十年里没睡过一个安稳觉。 某日闻得残剑等人已被名叫无名（李连杰）的秦国剑客杀死，秦王大喜急召其上殿相见，却也谨慎小心以防有诈，秦王和无名斗智斗勇的较量遂即展开。 [color=rgb(255, 0, 0)]","第75届奥斯卡金像奖(2003)
最佳外语片(提名) 张艺谋
第53届柏林国际电影节(2003)
金熊奖 最佳影片(提名) 张艺谋
银熊奖 阿弗雷鲍尔奖 张艺谋
第22届香港电影金像奖(2003)
最佳电影(提名)
最佳导演(提名) 张艺谋
最佳编剧(提名) 王斌 / 张艺谋 / 李冯
最佳女主角(提名) 张曼玉
最佳女配角(提名) 章子怡
最佳摄影 杜可风
最佳剪接(提名) 林安儿 / 翟茹
最佳美术指导 易振洲 / 霍廷霄
最佳服装造型设计 和田惠美
最佳动作设计 程小东
最佳原创电影音乐 谭盾
最佳原创电影歌曲(提名) 王菲
最佳音响效果 陶经
最佳视觉效果 Christopher Horvath / 穆雷·蒲柏 / Jonathan Rothbart / 潘国瑜
第23届中国电影金鸡奖(2003)
最佳导演 张艺谋
最佳合拍片
最佳美术 易振洲 / 霍廷霄
最佳录音 陶经
第3届华语电影传媒大奖(2003)
最受欢迎华语电影
第10届北京大学生电影节(2003)
最佳观赏效果奖
中国电影杰出贡献奖 张艺谋",
丹尼·科林斯 蓝光原盘+高清MKV版/巨星的回信 /翻唱人生 /[1970年代传奇摇滚乐手丹尼柯林斯回归] / 2015 Danny Collins 28.2G,丹尼·科林斯 蓝光原盘+高清MKV版/巨星的回信 /翻唱人生 /[1970年代传奇摇滚乐手丹尼柯林斯回归] / 2015 Danny Collins 28.2G,2015,2015-03-20,,英语,,丹·福格尔曼,,阿尔·帕西诺 Al Pacino,资源3D资源 4K 影单 排行TOP250 演唱会 电影 纪录片 蓝光原盘 蓝光高清,7.7,,,,https://s44.playwoool.com/wp-content/uploads/2015/06/p22415855882.jpg,1970年代传奇摇滚乐手丹尼柯林斯（阿尔·帕西诺AlPacino饰）在经历人生低潮时，由经纪人（克里斯托弗·普卢默ChristopherPlummer饰）发现了一封40年来从未送达的信，这封信居然是来自披头士主唱约翰·列侬在40年前写给当时19岁的他，这让他再度受到启发，毅然决然地离开现在奢华的生活，踏上寻找生命意义的旅程，而他也在这段旅程中收获了真爱和消失已久的创作灵感…… 标签：剧情 喜剧 音乐 Copyright ©2021 音范丝|影音集 内容均采集自互联网，若侵犯您的权益请联系fanyun866#gmail.com，我们将尽快处理。 高清常识 常见问题 蓝光播放工具 点点字幕 布雷克影院 币圈中文攻略 银河碟屋 登录,"密探 蓝光原盘下载/这不只是个间谍故事(台) / L’Agent secret / ​The Secret Agent 2025 O Agente Secreto 73.67G 望向太阳 蓝光原盘下载/坠落之声 / 坠落的声音 / 医生说我没事，可我感到难过 / 听见坠落之声(台) / The Doctor Says I’ll Be Alright But I’m Feeling Blue / Sound of Falling 2025 In die Sonne schauen 35.6G 科隆女孩 蓝光原盘下载/The Girl from Köln / 抢救科隆音乐会(台) 2025 Köln 75 24.42G 蓝月亮 WEB-DL版下载/蓝月终曲(台) 2025 Blue Moon 17.73G 疯狂动物城2 WEB-DL版下载/动物乌托邦2 / 优兽大都会2(港) / 动物方城市2(台) / Zootopia 2: Rise of the Non-Mammalians / Zootropolis 2 2025 Zootopia 2 15.3G 推荐：优质观影APP 全信没收 WEB-DL版下载/The RIP / 安息 2026 The Rip 15.67G 万千所爱 WEB-DL版下载 2024 All That We Love 6.04G 最后的维京人 蓝光原盘下载/The Last Viking / 重返现实 2025 Den sidste viking 24.91G 二十二圈 蓝光高清MKV版 2025 22 Bahnen 16.96G 阮玲玉 蓝光原盘下载/Center Stage / Actress / Yuen Ling Yuk / The New China Woman 1991 阮玲玉 22.32G 沉睡者 蓝光原盘下载+高清MKV版/豪情四兄弟 1996 Sleepers 42G 音范丝影单|近30年戛纳国际电影节金棕榈奖影片（第45届至第74届 1992-2021 ）蓝光资源！！ 我们诞生在中国 蓝光高清版下载/诞生于中国 2016 Born in China 7.23G 美国动物 蓝光原盘下载+高清MKV版 2018 American Animals 36.7G 少年黑手党 蓝光高清MKV版/街头少年 / 醉生梦死拿坡里(港) / Piranhas 2019 La Paranza dei Bambini 14.0G 佩佩 WEB-DL版下载/河马皮皮(港) / 河马佩佩的魔幻漂流(台) / Pepe, the Imagination of the Third Cinema 2024 Pepe 5.84G 蚁人2：黄蜂女现身 4K 3D蓝光原盘下载+高清MKV版/ 蚁侠2：黄蜂女现身(港) / 蚁人2 / 蚁人与黄蜂女 / Ant-Man 2 2018 Ant-Man and the Wasp 41.3G 变形金刚：起源 WEB-DL版下载/变形金刚：源起(台) / 变形金刚初始篇(港) / 变形金刚：初代 2024 Transformers One 18.46G Soho区惊魂夜 蓝光原盘下载+高清MKV版/苏豪的最后一夜(港) / 迷离夜苏活(台) 2021 Last Night in Soho 20.5G 自杀小队 4K蓝光原盘下载/X特遣队 / 自杀特攻：超能暴队(港) / 自杀突击队(台) / 犯罪敢死队 / Task Force X / Bravo 14 2016 Suicide Squad 55.3G 唇语惊魂 蓝光高清MKV版/我的唇上 / Read My Lips 2001 Sur mes lèvres 10.19G 手机 WEB-DL版下载/Cell Phone 2003 手机 15.06G 忠犬八公的故事 蓝光原盘下载/秋田犬八千(港) / 忠犬小八(台) / 忠犬传奇 2009 Hachi: A Dog's Tale 23.04G 最后的武士 蓝光原盘下载/最后武士(港) / 末代武士(台) / The Last Samurai: Bushidou 2003 The Last Samurai 35.69G 盐之路 蓝光高清MKV版/盐径偕行 / 盐路上有你(台) / Der Salzpfad 2024 The Salt Path 16.48G 那年夏天，宁静的海 蓝光高清MKV版/那年夏天最宁静的海 / 夏日，在寂静的海边 / A Scene at the Sea 1991 あの夏、いちばん静かな海。 16.04G 爱在暹罗 蓝光高清MKV版/泰哥儿(港) / 暹罗之恋 / 与爱同行 / 爱在暹罗广场 / The Love of Siam / Rak haeng Siam 2007 รักแห่งสยาม 11.23G 蒙太奇 蓝光高清MKV版/重罪犯(港) / 模犯母亲(台) / 抓住那个家伙 / Montage 2013 몽타주 9.51G 中国合伙人 蓝光原盘下载/海阔天空(台) / 三个中国先生 / 中国先生 / American Dreams in China / Partners 2013 中国合伙人 33.47G",
剧透预警 WEB-DL版下载/剧透预警：主角死了 / Spoiler Alert: The Hero Dies 2022 Spoiler Alert 7.4G,剧透预警 / 剧透预警：主角死了 / Spoiler Alert: The Hero Dies,2022,2022-12-02,美国,英语,,迈克尔·肖沃特 Michael Showalter (id:1019137),Michael Ausiello (id:1230873),◎译 名 剧透预警 / 剧透预警：主角死了 / Spoiler Alert: The Hero Dies ◎片 名 Spoiler Alert ◎年 代 2022 ◎产 地 美国 ◎类 别 剧情 / 喜剧 / 同性 ◎语 言 英语 ◎上映日期 2022-12-02(美国点映) / 2022-12-16(美国) ◎IMDb链接 https://www.imdb.com/title/tt7775720/ ◎豆瓣评分 7.8/10 (108人评价) ◎豆瓣链接 https://movie.douban.com/subject/30396388/ ◎导 演 迈克尔·肖沃特 Michael Showalter (id:1019137) ◎编 剧 Michael Ausiello (id:1230873) 大卫·马歇尔·格兰特 David Marshall Grant (id:1019189) 丹·萨维吉 Dan Savage (id:1140415) ◎演 员 吉姆·帕森斯 Jim Parsons (id:1000004) 本·奥德里基 Ben Aldridge (id:1272924) 莎莉·菲尔德 Sally Field (id:1041112) 比尔·欧文 Bill Irwin (id:1113911) 乔什·帕斯 Josh Pais (id:1018122) 塔拉·萨莫斯 Tara Summers (id:1203929) 妮基·米歇尔·詹姆斯 Nikki Michelle James (id:1206436) 杰弗里·塞尔夫 Jeffery Self (id:1315254) 安东尼·波罗夫斯基 Antoni Porowski (id:1388694) 舒诺里·拉马纳森 Shunori Ramanathan (id:1408388) 赛迪·司各特 Sadie Scott (id:1432705) 阿莱格拉·赫特 Allegra Heart (id:1426076) 艾瑞卡赵 Erica Cho (id:1394539) Christine Renee Miller Christine Renee Miller (id:1116131) ◎简 介 “谢耳朵”吉姆·帕森斯将新片《剧透预警：主角死了》(Spoiler Alert: The Hero Dies)，聚焦一对共同面对绝症的同志恋人。焦点影业刚经过竞争拿下该片，Michael Showalter(《大病》)导演并参与制片。 影片改编自美剧新闻网站TVLine.com主席兼编辑部主任Michael Ausiello的传记书，被描述为“一个关于爱和失去的故事，让人心碎的悲喜剧”：Ausiello的男友Kit Cowan被诊断为晚期癌症，最终去世。两人最后11个月中的生活描述中交织着此前相遇相知的片段，和他们一起走过14年的点点滴滴。克服了诸多障碍才找到真爱的他们，又要一起面对人生中最大的挑战。,剧情 / 喜剧 / 同性,7.8,7775720,https://www.imdb.com/title/tt7775720/,https://movie.douban.com/subject/30396388/,https://s44.playwoool.com/wp-content/uploads/2022/12/p2882014595.webp,“谢耳朵”吉姆·帕森斯将主演新片《剧透预警：主角死了》(Spoiler Alert: The Hero Dies)，聚焦一对共同面对绝症的同志恋人。焦点影业刚经过竞争拿下该片，Michael Showalter(《大病》)导演并参与制片。 影片改编自美剧新闻网站TVLine.com主席兼编辑部主任Michael Ausiello的传记书，被描述为“一个关于爱和失去的故事，让人心碎的悲喜剧”：Ausiello的男友Kit Cowan被诊断为晚期癌症，最终去世。两人最后11个月中的生活描述中交织着此前相遇相知的片段，和他们一起走过14年的点点滴滴。克服了诸多障碍才找到真爱的他们，又要一起面对人生中最大的挑战。 标签：剧情 同性 喜剧 -本片字幕下载请点这里- 全部磁力链 4K 蓝光原盘 蓝光高清 WEB-DL 字 幕 [无损音乐1T] [美剧蓝光32T] [观影APP] [115网盘优惠充值] WEB-4K 19.75GB Spoiler.Alert.2022.2160p.WEB-DL.x265.10bit.HDR.DDP5.1.Atmos-SLOT WEB-4K 10.03GB Spoiler.Alert.2022.2160p.WEB-DL.x265.10bit.SDR.DDP5.1.Atmos-SLOT WEB-4K 19.86GB Spoiler.Alert.2022.2160p.WEB-DL.DDP5.1.Atmos.DV.MKV.x265-SLOT WEB-4K 19.86GB Spoiler.Alert.2022.2160p.WEB-DL.DDP5.1.Atmos.DV.MP4.x265-DVSUX Remux 30.9GB Spoiler.Alert.2022.1080p.BluRay.REMUX.AVC.DTS-HD.MA.5.1-FGT 蓝光原盘 37.53GB Spoiler.Alert.2022.COMPLETE.BLURAY-iNTEGRUM 720P 1.36GB Spoiler.Alert.2022.720p.BluRay.H264.AAC-RARBG 720P 5.95GB Spoiler.Alert.2022.720p.BluRay.x264-PiGNUS 1080P 16.71GB Spoiler.Alert.2022.1080p.BluRay.x264-PiGNUS 1080P 1.75GB Spoiler.Alert.2022.1080p.BluRay.x265-RARBG 1080P 2.14GB Spoiler.Alert.2022.1080p.BluRay.H264.AAC-RARBG WEB-1080P 1.75GB Spoiler.Alert.2022.1080p.WEBRip.x265-RARBG WEB-1080P 5.85GB Spoiler.Alert.2022.1080p.WEB.H264-SLOT WEB-1080P 2.14GB Spoiler.Alert.2022.1080p.WEBRip.x264-RARBG WEB-720P 2.83GB Spoiler.Alert.2022.720p.WEB.H264-SLOT WEB-1080P 7.44GB Spoiler.Alert.2022.1080p.AMZN.WEBRip.DDP5.1.x264-SKiZOiD 字 幕 https://www.samfunny.com/download/index.php?id=30396388 Copyright ©2021 音范丝|影音集 内容均采集自互联网，若侵犯您的权益请联系fanyun866#gmail.com，我们将尽快处理。 高清常识 常见问题 蓝光播放工具 点点字幕 布雷克影院 币圈中文攻略 银河碟屋 登录,,
"诗人 蓝光高清MKV版/诗人(或少数真相的虚假编年史) / 中有，部分真实的伪记事 / 诗人，或少数真相的虚假编年史 / Bardo (Or False Chronicle of a Handful of Truths) / Bardo (o falsa crónica de unas cuantas verdades) / 拘禁 / Bardo / Limbo 2022 BARDO, False Chronicle of a Handful of Truths 6.4G",诗人 / 诗人(或少数真相的虚假编年史) / 中有，部分真实的伪记事 / 诗人，或少数真相的虚假编年史 / Bardo (Or False Chronicle of a Handful of Truths) / Bardo (o falsa crónica de unas cuantas verdades) / 拘禁 / Bardo / Limbo,2022,2022-09-01,墨西哥,西班牙语,174分钟,亚历杭德罗·冈萨雷斯·伊纳里图 Alejandro González Iñárritu,亚历杭德罗·冈萨雷斯·伊纳里图 Alejandro González Iñárritu,,剧情 / 喜剧,7.8,14176542,https://www.imdb.com/title/tt14176542/,https://movie.douban.com/subject/35268575/,https://s44.playwoool.com/wp-content/uploads/2022/12/p2882344640.webp,影片剧本由亚历杭德罗·冈萨雷斯·伊纳里图与长期合作伙伴尼古拉斯·迦科波恩联合撰写，故事主角是一位著名的墨西哥记者、纪录片制片人，多年之后，他回到祖国，试着真正面对他的身份、家庭关系、愚蠢的个人回忆，以及墨西哥的过往和现状。,"(共2项)
第79届威尼斯电影节 (2022)
主竞赛单元 金狮奖 (提名)
第70届圣塞巴斯蒂安国际电影节 (2022)
观众选择奖(提名)
└──亚历杭德罗·冈萨雷斯·伊纳里图",
不期而遇 蓝光原盘下载+高清MKV版/榄不住的爱(港) 2022 In from the Side 39.5G,不期而遇 / 榄不住的爱(港),2022,2022-03-25,英国,英语,134分钟,马特·卡特 Matt Carter,马特·卡特 Matt Carter,,剧情 / 爱情 / 同性 / 运动,7.5,7947604,https://www.imdb.com/title/tt7947604/,https://movie.douban.com/subject/35777373/,https://s44.playwoool.com/wp-content/uploads/2022/12/p2884923208.webp,在一次酒醉后的邂逅之后，来自一个资金拮据、日益分裂的同性恋橄榄球俱乐部的两名男子近乎梦游般地坠入了爱河，但他们必须隐藏日益增长的情感，否则就可能会毁掉他们热爱的俱乐部。 标签：剧情 同性 爱情 运动 -本片字幕下载请点这里- 全部磁力链 4K 蓝光原盘 蓝光高清 WEB-DL 字 幕 [无损音乐1T] [美剧蓝光32T] [观影APP] [115网盘优惠充值] Remux 35.57GB In.from.the.Side.2022.1080p.BluRay.REMUX.AVC.DTS-HD.MA.5.1-FGT 蓝光原盘 网盘 收藏级《不期而遇》顶级内封中字版蓝光ISO 1080P 2.57GB In.from.the.Side.2022.1080p.BluRay.H264.AAC-RARBG 1080P 2.1GB In.from.the.Side.2022.1080p.BluRay.x265-RARBG 1080P 16.46GB In.from.the.Side.2022.1080p.BluRay.x264-SCARE 720P 1.63GB In.from.the.Side.2022.720p.BluRay.H264.AAC-RARBG 720P 4.9GB In.from.the.Side.2022.720p.BluRay.x264-SCARE 字 幕 https://www.samfunny.com/download/index.php?id=35777373 Copyright ©2021 音范丝|影音集 内容均采集自互联网，若侵犯您的权益请联系fanyun866#gmail.com，我们将尽快处理。 高清常识 常见问题 蓝光播放工具 点点字幕 布雷克影院 币圈中文攻略 银河碟屋 登录,,
解放黑奴 蓝光高清MKV版/自由路上 2022 Emancipation 22.8G,解放黑奴 / 自由路上,2022,2022-12-02,美国,英语,132分钟,安东尼·福奎阿 Antoine Fuqua,比尔·科拉奇 Bill Collage,,动作 / 惊悚,2022,12530246,https://www.imdb.com/title/tt12530246/,https://movie.douban.com/subject/35099708/,https://s44.playwoool.com/wp-content/uploads/2022/12/p2881307537-1.webp,威尔·史密斯饰演真实历史人物：饱受折磨后逃出美国南方奴隶主奴役的黑人彼得、美国奴隶制的著名“证据”照片的主人公。 影片风格被描述为比起《为奴十二年》，更像梅尔·吉布森执导的《启示录》，Willam N. Collage写剧本，故事来自彼得的真实经历：他从奴隶主手中逃出，忍受着冷血的猎人的追杀和路易斯安那州危险的沼泽，一路向北。而当逃到北方军中，接受检查时，彼得露出了自己被种植园中的监工鞭笞得累累伤痕的后背。这一幕被拍成了著名的照片“被鞭打的脊背”(the scourged back)，刊登在1863年5月的《Independent》，以及当年7月4日的《Harper’s Weekly》。该照片成为美国奴隶制残忍暴行的证据之一，发布后推动了废奴运动和促使许多自由的黑人加入联邦军，并流传到世界各地，传言称这张照片使得法国等国家拒绝从美国南方购买棉花。 标签：动作 惊悚 -本片字幕下载请点这里- 全部磁力链 4K 蓝光原盘 蓝光高清 WEB-DL 字 幕 [无损音乐1T] [美剧蓝光32T] [观影APP] [115网盘优惠充值] 1080P 在线观看 /// 在线欣赏威尔史密斯新片《解放黑奴》//// 字 幕 https://www.samfunny.com/download/index.php?id=35099708 Copyright ©2021 音范丝|影音集 内容均采集自互联网，若侵犯您的权益请联系fanyun866#gmail.com，我们将尽快处理。 高清常识 常见问题 蓝光播放工具 点点字幕 布雷克影院 币圈中文攻略 银河碟屋 登录,,
"鳄鱼莱莱 WEB-DL版下载/纽约爱音鳄(港) / 鳄鱼歌王(台) / 鳄鱼莱尔 2022 Lyle, Lyle, Crocodile 19.0G",纽约爱音鳄(港) / 鳄鱼歌王(台) / 鳄鱼莱尔,2022,2022-10-07,美国,英语,106分钟,乔什·戈登 Josh Gordon,威廉姆·戴维斯 William Davies,,喜剧 / 动画 / 歌舞 / 家庭 / 奇幻 / 冒险,7.0,6.5,,,https://s44.playwoool.com/wp-content/uploads/2022/11/p2880804260.webp,"影片改编自风靡全球的同名绘本系列，肖恩·蒙德兹献声演唱鳄鱼莱莱。 故事讲述了小男孩乔什·普利姆跟随父母举家搬进大城市的新居，和一只住在阁楼上、能舞会唱的鳄鱼成为好朋友的奇遇故事。自带欢乐属性的鳄鱼莱莱治愈了难以适应新环境的乔什，乔什也努力消除父母对莱莱的偏见。两小只开启前所未有的都市历险，历经重重欢乐闹剧，莱莱与普利姆一家最终成为了彼此的家人与伙伴。 标签：冒险 动画 喜剧 奇幻 家庭 歌舞 -本片字幕下载请点这里- 全部磁力链 4K 蓝光原盘 蓝光高清 WEB-DL 字 幕 [无损音乐1T] [美剧蓝光32T] [观影APP] [115网盘优惠充值] BluRay-3D 18.84GB Shang-Chi.and.the.Legend.of.the.Ten.Rings.2021.1080p.3D.BluRay.Half-SBS.x264.TrueHD.7.1.Atmos-FGT 4K 16.92GB Lyle.Lyle.Crocodile.2022.2160p.BluRay.x264.8bit.SDR.DTS-HD.MA.TrueHD.7.1.Atmos-SWTYBLZ WEB-4K 18.9GB Lyle.Lyle.Crocodile.2022.2160p.WEB-DL.x265.10bit.HDR.DDP5.1.Atmos-SMURF 4K 28.61GB Orphan.First.Kill.2022.2160p.BluRay.x265.10bit.SDR.DTS-HD.MA.5.1-SWTYBLZ WEB-4K 11.38GB Lyle.Lyle.Crocodile.2022.2160p.WEB-DL.DDP5.1.Atmos.DV.MKV.x265-DVSUX 4K 9.37GB Lyle.Lyle.Crocodile.2022.2160p.UHD.BluRay.x265.10bit.HDR.TrueHD.7.1.Atmos-RARBG 4K 50.54GB Lyle.Lyle.Crocodile.2022.2160p.BluRay.HEVC.TrueHD.7.1.Atmos-MT 4K 17.52GB Lyle,.Lyle,.Crocodile.2022.BluRay.2160p.TrueHD7.1.HDR.x265.10bit-DreamHD 4K 22.73GB Eternals.2021.2160p.UHD.BluRay.x265.10bit.HDR.DTS-HD.MA.TrueHD.7.1.Atmos-SWTYBLZ WEB-4K 11.25GB Blacklight.2022.2160p.AMZN.WEB-DL.DDP5.1.HDR.HEVC-CMRG BluRay-3D 19.18GB Shang-Chi.and.the.Legend.of.the.Ten.Rings.2021.1080p.3D.BluRay.Half-OU.x264.DTS-HD.MA.7.1-FGT 4K 43.85GB Lyle,.Lyle,.Crocodile.2022.UHD.BluRay.REMUX.2160p.HEVC.Atmos.TrueHD7.1-DreamHD WEB-4K 11.38GB Lyle.Lyle.Crocodile.2022.2160p.WEB-DL.DDP5.1.Atmos.DV.MP4.x265-DVSUX Remux 28.49GB Blacklight.2022.1080p.BluRay.REMUX.AVC.DTS-HD.MA.5.1-FGT Remux 31.33GB Lyle.Lyle.Crocodile.2022.1080p.BluRay.REMUX.AVC.DTS-HD.MA.TrueHD.7.1.Atmos-FGT 4K 11.18GB Dead.for.a.Dollar.2022.2160p.WEB.H265-HEATHEN WEB-4K 19GB Lyle.Lyle.Crocodile.2022.2160p.WEB-DL.DDP5.1.Atmos.H.265-SMURF WEB-4K 10.78GB Blacklight.2022.2160p.WEB-DL.DD5.1.HDR.HEVC-CMRG 4K 6.55GB Lyle.Lyle.Crocodile.2022.2160p.UHD.BluRay.x265.10bit.HDR.DDP5.1.Atmos-RARBG WEB-4K 18.9GB Lyle.Lyle.Crocodile.2022.REPACK.2160p.WEB-DL.x265.10bit.HDR.DDP5.1.Atmos-SMURF WEB-4K 9.51GB Lyle.Lyle.Crocodile.2022.2160p.WEB-DL.x265.10bit.SDR.DDP5.1.Atmos-SMURF 4K 6.11GB Clerks.III.2022.2160p.UHD.BluRay.x265.10bit.HDR.DDP5.1-RARBG 4K 43.85GB Lyle,.Lyle,.Crocodile.2022.UHD.BluRay.REMUX.2160p.HEVC.Atmos.TrueHD7.1-DreamHD 4K 16.97GB Lyle.Lyle.Crocodile.2022.2160p.BluRay.x265.10bit.SDR.DTS-HD.MA.TrueHD.7.1.Atmos-SWTYBLZ WEB-4K 16.13GB Shang-Chi.and.the.Legend.of.the.Ten.Rings.2021.IMAX.2160p.DSNP.WEB-DL.DDP5.1.Atmos.DV.MP4.x265-DVSUX 4K 50.13GB Lyle.Lyle.Crocodile.2022.2160p.BluRay.REMUX.HEVC.DTS-HD.MA.TrueHD.7.1.Atmos-FGT 4K 49.12GB Blacklight.2022.2160p.BluRay.REMUX.HEVC.DTS-HD.MA.5.1-FGT 蓝光原盘 网盘 收藏级《鳄鱼莱莱》顶级内封中字版蓝光ISO 蓝光原盘 34.69GB Lyle.Lyle.Crocodile.2022.1080p.BluRay.AVC.DTS-HD.MA.5.1-FGT 蓝光原盘 33.38GB Blacklight.2022.1080p.BluRay.AVC.DTS-HD.MA.5.1-FGT 720P 3.14GB Lyle.Lyle.Crocodile.2022.720p.BluRay.x264.DTS-MT 1080P 18.08GB Eternals.2021.REPACK.1080p.Bluray.DTS-HD.MA.7.1.X264-EVO 1080P 6.17GB Lyle.Lyle.Crocodile.2022.1080p.BluRay.x264.DTS-MT 1080P 8.42GB Lyle.Lyle.Crocodile.2022.1080p.BluRay.x264.DTS-HD.MA.7.1-MT 1080P 2.03GB Lyle.Lyle.Crocodile.2022.1080p.BluRay.H264.AAC-RARBG 1080P 1.66GB Lyle.Lyle.Crocodile.2022.1080p.BluRay.x265-RARBG 1080P 5.02GB Lyle,.Lyle,.Crocodile.2022.BluRay.1080p.DTS-HDMA5.1.x265.10bit-DreamHD 1080P 8GB Blacklight.2022.1080p.BluRay.x264-PiGNUS 1080P 2.52GB Shang-Chi.And.The.Legend.Of.The.Ten.Rings.2021.1080p.BluRay.H264.AAC-RARBG 1080P 15.18GB Shang.Chi.and.the.Legend.of.the.Ten.Rings.2021.1080p.Bluray.DTS-HD.MA.7.1.X264-EVO 720P 1.29GB Lyle.Lyle.Crocodile.2022.720p.BluRay.H264.AAC-RARBG 1080P 8.69GB Lyle.Lyle.Crocodile.2022.1080p.BluRay.x264.TrueHD.7.1.Atmos-MT 720P 5.46GB Lyle.Lyle.Crocodile.2022.720p.BluRay.x264-VETO 1080P 9.79GB Lyle.Lyle.Crocodile.2022.1080p.BluRay.x264-VETO 1080P 6.89GB Lyle.Lyle.Crocodile.2022.1080p.BluRay.DTS.5.1.x264-deadorbit.mkv WEB-720P 2.65GB Lyle.Lyle.Crocodile.2022.720p.WEB.H264-SLOT[rarbg] WEB-1080P 5.17GB Blacklight.2022.1080p.WEB-DL.DD5.1.H.264-EVO WEB-1080P 1.63GB Blacklight.2022.1080p.WEBRip.x265-RARBG WEB-1080P 5.46GB Lyle.Lyle.Crocodile.2022.1080p.WEBRip.DDP5.1.Atmos.x264-SMURF WEB-1080P 5.46GB Lyle.Lyle.Crocodile.2022.1080p.WEB-DL.DDP5.1.Atmos.H.264-EVO[TGx] WEB-1080P 2GB Blacklight.2022.1080p.WEBRip.x264-RARBG WEB-720P 2.65GB Lyle.Lyle.Crocodile.2022.720p.WEBRip.DDP5.1.Atmos.x264-SMURF WEB-1080P 2.03GB Lyle.Lyle.Crocodile.2022.1080p.WEBRip.x264-RARBG WEB-1080P 1.66GB Lyle.Lyle.Crocodile.2022.1080p.WEBRip.x265-RARBG 字 幕 https://www.samfunny.com/download/index.php?id=35606498 ↓ ↓ ↓ 显 示 全 部 ↓ ↓ ↓ Copyright ©2021 音范丝|影音集 内容均采集自互联网，若侵犯您的权益请联系fanyun866#gmail.com，我们将尽快处理。 高清常识 常见问题 蓝光播放工具 点点字幕 布雷克影院 币圈中文攻略 银河碟屋 登录",,
坠落 蓝光原盘+4KMKV版下载/坠(台) / 跌落 / 下坠 / The Fall 2022 Fall 27.5G,坠落 / 坠(台) / 跌落 / 下坠 / The Fall,2022,2022-08-12,英国 / 美国,英语,107分钟,斯科特·曼 / Scott Mann,乔纳森·弗兰克 / Jonathan Frank,,惊悚,7.6,6.5,https://www.imdb.com/title/tt15325794/,https://movie.douban.com/subject/35700395/,https://s44.playwoool.com/wp-content/uploads/2022/09/p2874344805.jpg,贝琪（格蕾丝·富尔顿 饰）和亨特（维吉尼亚·加德纳 饰）是一对喜欢追求刺激的好友，某天，她们攀上一座高达610米的电视塔后，意外受困于顶端，面对恶劣天气和物资短缺，她们必须设法在令人晕眩的高度上活下去。 标签：惊悚 -本片字幕下载请点这里- 全部磁力链 4K 蓝光原盘 蓝光高清 WEB-DL 字 幕 [无损音乐1T] [美剧蓝光32T] [观影APP] [115网盘优惠充值] 1080P 在线观看 直接高品质在线观看《坠落 Fall》 4K 18.43GB Fall.2022.2160p.UHD.BluRay.x265-B0MBARDiERS Remux 22.27GB Fall.2022.1080p.BluRay.REMUX.AVC.DTS-HD.MA.5.1-FGT 4K 21.06GB Fall.2022.Hybrid.2160p.UHD.BluRay.DV.HDR10+.DDP.Atmos.7.1.x265-BiTOR 4K 78.94GB Fall.2022.2160p.4K.UHD.FULL.Blu-Ray.HEVC.Dolby.Atmos-MassModz Remux 66.52GB Fall.2022.2160p.BluRay.REMUX.HEVC.TrueHD.7.1.Atmos-Asmo WEB-4K 9.43GB Fall.2022.2160p.WEB-DL.x265.10bit.SDR.DDP5.1-NOGRP WEB-4K 10.46GB Fall.2022.2160.WEB-DL.H265.DDP5.1.2Audio-DreamHD WEB-4K 11.43GB Fall.2022.2160p.AMZN.WEB-DL.x265.10bit.HDR10Plus.DDP5.1-SMURF WEB-4K 18.66GB Fall.2022.2160p.WEB-DL.x265.10bit.HDR.DDP5.1-NOGRP 蓝光原盘 网盘 收藏级《坠落》顶级内封中字版蓝光ISO 蓝光原盘 78.94GB Fall.2022.Unrated.2160p.UHD.Blu-ray.HEVC.HDR.TrueHD.7.1-JUNGLiST 蓝光原盘 27.53GB Fall.2022.1080p.BluRay.AVC.DTS-HD.MA.5.1-FGT 1080P 11.65GB Fall.2022.1080p.BluRay.x264-PiGNUS 1080P 1.67GB Fall.2022.1080p.BluRay.x265-RARBG 1080P 11.48GB Fall.2022.1080p.BluRay.x264.DTS-HD.MA.5.1-FGT 720P 1.3GB Fall.2022.720p.BluRay.H264.AAC-RARBG 1080P 2.05GB Fall.2022.1080p.BluRay.H264.AAC-RARBG 720P 4.44GB Fall.2022.720p.BluRay.x264-PiGNUS 1080P 12.77GB Fall.2022.1080p.Bluray.DTS-HD.MA.5.1.X264-EVO[TGx] 1080P 9.75GB Fall.2022.1080p.BluRay.x264.DTS-FGT WEB-720P 2.39GB Fall.2022.720p.WEB.H264-SLOT WEB-1080P 1.95GB Fall.2022.1080p.WEBRip.x264-RARBG WEB-1080P 1.67GB Fall.2022.PROPER.1080p.WEBRip.x265-RARBG WEB-1080P 5.02GB Fall.2022.1080p.WEBRip.DD5.1.x264-NOGRP WEB-1080P 5.02GB Fall.2022.1080p.WEB-DL.DD5.1.H.264-EVO[TGx] WEB-1080P 1.59GB Fall.2022.1080p.WEBRip.x265-RARBG WEB-1080P 2.05GB Fall.2022.PROPER.1080p.WEBRip.x264-RARBG WEB-1080P 5.25GB Fall.2022.1080p.WEB.H264-SLOT WEB-1080P 5.79GB Fall.2022.1080p.AMZN.WEBRip.DDP5.1.x264-FLUX WEB-1080P 5.8GB On.Falling.2024.1080p.HamiVideo.WEB-DL.AAC2.0.H.264-DreamHD 字 幕 https://www.samfunny.com/download/index.php?id=35700395 ↓ ↓ ↓ 显 示 全 部 ↓ ↓ ↓ Copyright ©2021 音范丝|影音集 内容均采集自互联网，若侵犯您的权益请联系fanyun866#gmail.com，我们将尽快处理。 高清常识 常见问题 蓝光播放工具 点点字幕 布雷克影院 币圈中文攻略 银河碟屋 登录,,
卡塔叶时光 WEB-DL版下载 2021 Faya Dayi 8.4G,卡塔叶时光,2021,2021-01-30,埃塞俄比亚,奥罗莫语、哈拉尔语,120分钟,杰西卡·贝希尔,杰西卡·贝希尔,,纪录片,7.4,7.3,https://www.imdb.com/title/tt13648216/,https://movie.douban.com/subject/35288815/,https://s44.playwoool.com/wp-content/uploads/2022/08/p2873153414.jpg,在埃塞俄比亚的传说中，伊斯兰教苏菲派的伊玛目寻求永恒时，发现了卡塔叶。受此传说的启发，本片带领观众进入哈勒尔高地，体验古老的卡塔叶仪式，展开一段神秘的精神之旅。卡塔叶具有刺激神经的效用，几个世纪以来，苏菲派穆斯林依靠咀嚼这种绿叶来进行宗教冥想。它也是埃塞俄比亚利润最高的经济作物。本片以卡塔叶的交易为纽带，串起一个个私密的故事，让我们得以走近那些在政府暴力压迫下，对卡塔叶上瘾并冒险越境的人们。本片也为观众打开了一扇窗，进入被专制政权追捕的年轻人的梦。,"第37届圣丹斯电影节 (2021)
评审团大奖 世界电影单元纪录片(提名) 杰西卡·贝希尔
第31届哥谭独立电影奖 (2021)
最佳纪录片(提名) 杰西卡·贝希尔",
我眼中的阴影 蓝光高清MKV版/Shadows in My Eyes 2021 Skyggen i mit øje 9.2G,我眼中的阴影 / Shadows in My Eyes / The Bombardment,2021,2021-10-28,丹麦,丹麦语 / 英语 / 德语,107分钟,奥勒·博内代尔 / Ole Bornedal,奥勒·博内代尔 / Ole Bornedal,,历史 / 战争,7.7,7.3,https://www.imdb.com/title/tt9170516/,https://movie.douban.com/subject/30363636/,https://s44.playwoool.com/wp-content/uploads/2022/07/p2869520158.jpg,1945 年 3 月 21 日，英国皇家空军开始执行轰炸哥本哈根盖世太保总部的任务。 这次袭击造成了致命的后果，因为一些轰炸机意外袭击了一所学校，造成 120 多人丧生，其中 86 人是儿童。 标签：历史 小语种 战争 -本片字幕下载请点这里- 全部磁力链 4K 蓝光原盘 蓝光高清 WEB-DL 字 幕 [无损音乐1T] [美剧蓝光32T] [观影APP] [115网盘优惠充值] x264 984.49 MB The.Shadow.in.My.Eye.2021.DUBBED.WEBRip.x264-ION10 x265/1080p 1.58 GB The.Shadow.in.My.Eye.2021.DANISH.1080p.BluRay.x265-VXT x264 984.49 MB The.Shadow.in.My.Eye.2021.DANISH.WEBRip.x264-VXT x265/1080p 1.57 GB The.Shadow.in.My.Eye.2021.DANISH.1080p.WEBRip.x265-VXT x264 991.28 MB The.Shadow.in.My.Eye.2021.DANISH.BRRip.x264-VXT x265/1080p 1.57 GB The.Shadow.in.My.Eye.2021.DUBBED.1080p.WEBRip.x265-RARBG 1080P 5.67 GB The.Shadow.in.My.Eye.2021.DANISH.1080p.NF.WEBRip.DDP5.1.x264-TEPES 720P 1.23 GB The.Shadow.in.My.Eye.2021.DANISH.720p.BluRay.H264.AAC-VXT 1080P 1.92 GB The.Shadow.in.My.Eye.2021.DUBBED.1080p.WEBRip.x264-RARBG 1080P 9.22 GB The.Shadow.in.My.Eye.2021.DANISH.1080p.BluRay.x264.DTS-FGT 720P 2.14 GB The.Shadow.in.My.Eye.2021.DANISH.720p.NF.WEBRip.DDP5.1.x264-TEPES 1080P 1.92 GB The.Shadow.in.My.Eye.2021.DANISH.1080p.WEBRip.x264-VXT 1080P 1.94 GB The.Shadow.in.My.Eye.2021.DANISH.1080p.BluRay.H264.AAC-VXT 字 幕 https://www.samfunny.com/download/index.php?id=30363636 Copyright ©2021 音范丝|影音集 内容均采集自互联网，若侵犯您的权益请联系fanyun866#gmail.com，我们将尽快处理。 高清常识 常见问题 蓝光播放工具 点点字幕 布雷克影院 币圈中文攻略 银河碟屋 登录,,
开心汉堡店 4K蓝光原盘下载+高清MKV版/开心汉堡店电影版 / The Bob’s Burgers Movie 2022 Bob’s Burgers: The Movie 54.8G,开心汉堡店 / 开心汉堡店电影版 / The Bob’s Burgers Movie,2022,2022-05-27,美国,英语 / 德语,,劳伦·布查德 / Loren Bouchard,劳伦·布查德 / Loren Bouchard,,喜剧 / 动画 / 歌舞 / 冒险,7.3,7.4,https://www.imdb.com/title/tt7466442/,https://movie.douban.com/subject/27162630/,https://s44.playwoool.com/wp-content/uploads/2022/07/p2841002143.jpg,本片为热门动画《开心汉堡店》的电影版。 故事围绕一家名为“鲍勃汉堡店”的餐厅展开，讲述店主鲍勃一家和邻里之间的有趣故事。这次他们遇到了大麻烦，汉堡店门口塌陷出大坑，鲍勃和琳达还得继续维持餐厅的生意。与此同时，孩子们也正试图揭开一个能帮助挽救自家餐厅的谜题。 标签：4K 冒险 动画 喜剧 歌舞 -本片字幕下载请点这里- 全部磁力链 4K 蓝光原盘 蓝光高清 WEB-DL 字 幕 [无损音乐1T] [美剧蓝光32T] [观影APP] [115网盘优惠充值] 4K SDR 19.26 GB The.Bobs.Burgers.Movie.2022.2160p.BluRay.x265.10bit.SDR.DTS-HD.MA.5.1-SWTYBLZ 4K HDR 15.79 GB The.Bobs.Burgers.Movie.2022.2160p.UHD.BluRay.x265.10bit.HDR.DTS-HD.MA.5.1-SURCODE x264/4k 21.47 GB The.Bobs.Burgers.Movie.2022.2160p.BluRay.x264.8bit.SDR.DTS-HD.MA.5.1-SWTYBLZ x265/1080p 1.59 GB The.Bobs.Burgers.Movie.2022.1080p.BluRay.x265-RARBG WEB-4K 19.71 GB The.Bobs.Burgers.Movie.2022.2160p.WEB-DL.x265.10bit.HDR.DTS-HD.MA.5.1-NOGRP WEB-4K 9.31 GB The.Bobs.Burgers.Movie.2022.2160p.WEB-DL.DD5.1.DV.MP4.x265-DVSUX WEB-4K 11.06 GB The.Bobs.Burgers.Movie.2022.2160p.WEB-DL.x265.10bit.SDR.DTS-HD.MA.5.1-NOGRP WEB-4K 11.94 GB The.Bobs.Burgers.Movie.2022.2160p.WEB-DL.DTS-HD.MA.5.1.DV.MKV.x265-DVSUX 蓝光原盘 网盘 收藏级《开心汉堡店》顶级内封中字版蓝光ISO 原盘Remux 23.03 GB The.Bobs.Burgers.Movie.2022.1080p.BluRay.REMUX.AVC.DTS-HD.MA.5.1-FGT 蓝光原盘 57.76 GB The.Bobs.Burgers.Movie.2022.2160p.BluRay.HEVC.DTS-HD.MA.5.1-SURCODE 蓝光原盘 36.65 GB The.Bobs.Burgers.Movie.2022.1080p.BluRay.AVC.DTS-HD.MA.5.1-UNTOUCHED 原盘Remux 54.82 GB The.Bobs.Burgers.Movie.2022.2160p.BluRay.REMUX.HEVC.DTS-HD.MA.5.1-FGT 720P 3.40 GB The.Bobs.Burgers.Movie.2022.720p.BluRay.x264-KNiVES 1080P 1.94 GB The.Bobs.Burgers.Movie.2022.1080p.BluRay.H264.AAC-RARBG 1080P 7.70 GB The.Bobs.Burgers.Movie.2022.1080p.BluRay.x264-KNiVES 字 幕 https://www.samfunny.com/download/index.php?id=27162630 Copyright ©2021 音范丝|影音集 内容均采集自互联网，若侵犯您的权益请联系fanyun866#gmail.com，我们将尽快处理。 高清常识 常见问题 蓝光播放工具 点点字幕 布雷克影院 币圈中文攻略 银河碟屋 登录,,
正发生 蓝光高清MKV版/Happening 2021 L'Événement 11.7G,正发生 / Happening,2021,2021-09-06,法国,法语,100分钟,奥黛丽·迪万 / Audrey Diwan,奥黛丽·迪万 / Audrey Diwan,"◎译 名 正发生 / Happening ◎片 名 L’Événement ◎年 代 2021 ◎产 地 法国 ◎类 别 剧情 ◎语 言 法语 ◎上映日期 2021-09-06(威尼斯电影节) / 2021-11-24(法国) ◎IMDb链接 https://www.imdb.com/title/tt13880104/ ◎豆瓣评分 7.8/10 from 7,678 users ◎豆瓣链接 https://movie.douban.com/subject/35318021/ ◎片 长 100分钟 ◎导 演 奥黛丽·迪万 / Audrey Diwan ◎演 员 安娜玛丽亚·沃特鲁梅 / Anamaria Vartolomei | 饰 Anne Duchesne 卡西·莫泰·克莱恩 / Kacey Mottet Klein | 饰 Jean 卢安娜·巴杰拉米 / Luàna Bajrami | 饰 Hélène 露易丝·奥利-狄奎罗 / Louise Orry-Diquéro | 饰 Brigitte 路易丝·舍维约特 / Louise Chevillotte | 饰 Olivia 皮奥·马麦 / Pio Marmaï | 饰 Professeur Bornec 桑德里娜·博内尔 / Sandrine Bonnaire | 饰 Gabrielle Duchesne 安娜·穆格拉利斯 / Anna Mouglalis | 饰 Mme Rivière 阿丽斯·德·朗克桑 / Alice de Lencquesaing | 饰 Laëtitia 法布里齐奥·隆吉奥内 / Fabrizio Rongione | 饰 Dr. Ravinsky 塞德里克·梅斯伯格 / Cédric Meusburger | 饰 Etudiant extérieur Julien Frison Julien Frison | 饰 Maxime Leonor Oberson ◎编 剧 奥黛丽·迪万 / Audrey Diwan 玛西娅·罗马诺 / Marcia Romano ◎制 片 人 Alice Girard ◎简 介 改编自法国作家安妮·艾诺的自传作品，原著讲述1960年代还是学生的安妮，因堕胎所引发的心理和生理双重创伤。 ◎获奖情况 第78届威尼斯电影节 (2021) 主竞赛单元 金狮奖 奥黛丽·迪万 费比西奖（国际影评人联盟奖） 竞赛单元费比西奖 奥黛丽·迪万 第75届英国电影学院奖 (2022) 电影奖 最佳导演(提名) 奥黛丽·迪万 第47届法国凯撒电影奖 (2022) 最佳影片(提名) 最佳导演(提名) 奥黛丽·迪万 最佳新人女安娜玛丽亚·沃特鲁梅 最佳改编剧本(提名)",剧情,7.8,,,,https://s44.playwoool.com/wp-content/uploads/2022/08/p2681278523.jpg,改编自法国作家安妮·艾诺的自传作品，原著讲述1960年代还是学生的安妮，因堕胎所引发的心理和生理双重创伤。,"第78届威尼斯电影节 (2021)
主竞赛单元 金狮奖 奥黛丽·迪万
费比西奖（国际影评人联盟奖） 竞赛单元费比西奖 奥黛丽·迪万
第75届英国电影学院奖 (2022)
电影奖 最佳导演(提名) 奥黛丽·迪万
第47届法国凯撒电影奖 (2022)
最佳影片(提名)
最佳导演(提名) 奥黛丽·迪万
最佳新人女演员 安娜玛丽亚·沃特鲁梅
最佳改编剧本(提名)",
鳗鱼 WEB-DL版下载/Unagi / The Eel 1997 うなぎ 2.0G,鳗鱼/Unagi / The Eel,1997,1997-05-12,日本,日语,117分钟,今村昌平,富川元文 / 天愿大介 / 今村昌平 / 吉村昭,,剧情 / 犯罪,7.9,7.4,https://www.imdb.com/title/tt0120408/,https://movie.douban.com/subject/1303453/,https://s44.playwoool.com/wp-content/uploads/2022/02/p2505133214.jpg,中年男子山下拓郎（役所广司）在亲眼目睹了妻子与人偷情的场面后，于愤怒中刺死了妻子，锒铛入狱，八年后，获假释出狱的他在千叶县利根河边开了家小理发店，因为当年的遭遇，他对人很难再信任，平时唯有的交流对象是所养的鳗鱼。山下无意间救下自杀的桂子（清水美砂）后，后者为了报答他留在理发店里工作，并因性格开朗为他招来很多客人，而他的性格亦渐渐阳光起来。 山下的前狱友高崎出狱后，来到利根河附近从事垃圾回收的工作，为将山下的平静生活打乱，他开始不断地揭露山下的“丑行”，而桂子的原情人堂岛也于此时寻来，要带桂子和她的钱走，虽然深知一旦与人发生冲突就必须回到狱中继续服刑，山下还是为了保护桂子勇敢地采取了行动。,"第50届戛纳电影节 (1997)
主竞赛单元 金棕榈奖 今村昌平
第21届日本电影学院奖 (1998)
最佳影片(提名)
最佳导演 今村昌平
最佳编剧(提名) 富川元文 / 今村昌平 / 天愿大介
最佳男主角 役所广司
最佳女主角(提名) 清水美沙
最佳男配角(提名) 柄本明
最佳女配角 倍赏美津子
最佳女配角(提名) 市原悦子
最佳配乐(提名) 池辺晋一郎
最佳摄影(提名) 小松原茂
最佳美术指导(提名) 稲垣尚夫
最佳照明(提名) 岩木保夫
最佳录音(提名) 红谷愃一
最佳剪辑(提名) 岡安肇
第22届报知映画赏 (1997)
最佳男主角 役所广司",
彩虹照耀 蓝光高清MKV版 2009 A Shine of Rainbows 6.6G,彩虹照耀,2009,2009-06-13,加拿大 / 爱尔兰,英语,101 分钟,Vic Sarin,Vic Sarin,Connie Nielsen / Aidan Quinn / Niamh Shaw,剧情 / 家庭,8.8,7.1,https://www.imdb.com/title/tt1014774/,https://movie.douban.com/subject/3750554/,https://s44.playwoool.com/wp-content/uploads/2022/02/p2634561281.jpg,托马斯（约翰·贝尔 John Bell 饰）从小就失去了父母，成长在孤儿院中，因为口吃，托马斯自幼就是一个并不自信，性格内向的男孩，在孤儿院里常常受人欺负。一天，托马斯因为闯了祸而被请进了院长办公室，在那里，他遇见了名为玛丽（康妮·尼尔森 Connie Nielsen 饰）的女士，就这样，玛丽成为了托马斯的新妈妈。 玛丽的丈夫埃里克（艾丹·奎因 Aidan Quinn 饰）并不喜欢托马斯，他想要一个更自信、更阳光的孩子，因此对托马斯十分的冷淡。好在托马斯还是很快就结识了很多新的好友，在他们的带领下，托马斯的性格渐渐的开朗起来。在一个神秘的山洞里，托马斯遇见了一只海豹，他为它取名为斯马奇，一人一动物之间结下了深厚的友谊。 标签：剧情 家庭 -本片字幕下载请点这里- 全部磁力链 4K 蓝光原盘 蓝光高清 WEB-DL 字 幕 [无损音乐1T] [美剧蓝光32T] [观影APP] [115网盘优惠充值] 蓝光原盘 网盘 收藏级《彩虹照耀》顶级内封中字版蓝光ISO 1080P 6.6 GB A.Shine.of.Rainbows.2009.1080p.BluRay.x264-VETO[rarbg] 1080P 6.6 GB A.Shine.of.Rainbows.2009.1080p.BluRay.x264-VETO 720P 4.4 GB A.Shine.of.Rainbows.2009.720p.BluRay.x264-VETO[rarbg] 1080P 1.9 GB A.Shine.of.Rainbows.2009.1080p.BluRay.H264.AAC-RARBG 字 幕 https://www.samfunny.com/download/index.php?id=3750554 Copyright ©2021 音范丝|影音集 内容均采集自互联网，若侵犯您的权益请联系fanyun866#gmail.com，我们将尽快处理。 高清常识 常见问题 蓝光播放工具 点点字幕 布雷克影院 币圈中文攻略 银河碟屋 登录,,
纪念品：第二部分 WEB-DL版下载 2021 The Souvenir: Part II 7.8G,纪念品：第二部分,2021,2021-07-08,英国,英语,106分钟,乔安娜·霍格 / Joanna Hogg,乔安娜·霍格 / Joanna Hogg,,剧情,7.6,7.7,,,https://s44.playwoool.com/wp-content/uploads/2022/02/p2688499255.jpg,罗伯特·帕丁森、汤姆·伯克、亚利安妮·拉贝德、理查德·艾欧阿德携手加盟乔安娜·霍格自编自导新片[纪念品](The Souvenir，暂译)，马丁·斯科塞斯任执行制片人。影片将分成两部分进行拍摄，第一部分将在今年夏天开拍，第二部分则在明年夏天拍摄。,"第74届戛纳电影节 (2021)
导演双周单元(提名) 乔安娜·霍格
第31届哥谭独立电影奖 (2021)
最佳国际影片(提名) 艾德·格尼,乔安娜·霍格,安德鲁·洛",
何处是我朋友的家 蓝光高清MKV版/踏破铁鞋无觅处(港) / Where Is the Friend's Home? / Khane-ye doust kodjast? 1987 خانه دوست کجاست؟‎ 5.5G,何处是我朋友的家/踏破铁鞋无觅处(港) / Where Is the Friend's Home? / Khane-ye doust kodjast?,1987,1987-02-01,伊朗,波斯语,83分钟,阿巴斯·基亚罗斯塔米,阿巴斯·基亚罗斯塔米,,剧情,8.8,8.1,https://www.imdb.com/title/tt0093342/,https://movie.douban.com/subject/1301897/,https://s44.playwoool.com/wp-content/uploads/2022/02/p2556745832.jpg,伊朗的偏僻山村小学里，一群孩子在课堂里聆听老师讲课。在检查作业的时候，老师发现穆罕德屡次没有完成家庭作业，于是严厉地批评了他，说如若再犯立马开除。老师对学生强调这是帮助他们树立良好的规矩。当天放学后，小男孩阿穆德却赫然发现自己把同桌穆罕德的作业本带回了家。听懂了老师的谆谆善诱，所以阿穆德明白这作业本就是穆罕德继续听讲的凭证。为了把作业本还给同桌，阿穆德曾希望母亲和祖父可以施以援手，但是均告失败。所以，他只能孤身前行，到对面大山里的村落去寻找同桌，归还作业本。然而，由于不认识同桌的家，所以他处处碰壁，遭遇到了无法想象的艰难险阻…… 本片获得第42届戛纳电影节艺术电影奖。 标签：剧情 小语种 -本片字幕下载请点这里- 全部磁力链 4K 蓝光原盘 蓝光高清 WEB-DL 字 幕 [无损音乐1T] [美剧蓝光32T] [观影APP] [115网盘优惠充值] 蓝光原盘 网盘 收藏级《何处是我朋友的家》顶级内封中字版蓝光ISO 720P 3.28GB Where.Is.the.Friends.House.1987.720p.BluRay.x264-GHOULS 1080P 3.55GB Where is the Friend's Home (1987) (1080p BluRay x265 HEVC 10bit AAC 2.0 Persian afm72) 1080P 5.47GB Where.Is.the.Friends.House.1987.1080p.BluRay.x264-GHOULS 字 幕 https://www.samfunny.com/download/index.php?id=1301897 Copyright ©2021 音范丝|影音集 内容均采集自互联网，若侵犯您的权益请联系fanyun866#gmail.com，我们将尽快处理。 高清常识 常见问题 蓝光播放工具 点点字幕 布雷克影院 币圈中文攻略 银河碟屋 登录,,
童年往事 蓝光高清MKV版/The Time to Live and the Time to Die / A Time to Live and a Time to Die / 生死同代 1985 童年往事 12.8G,童年往事 蓝光高清MKV版/The Time to Live and the Time to Die / A Time to Live and a Time to Die / 生死同代 1985 童年往事 12.8G,2023,1985-08-03,,4K 专通 专题 传记 儿童 全景声 冒险 剧情 动作 动画 华语 印度 历史 古装 同性 喜剧 奇幻 家庭 小幻想 恐怖 悬疑 情色 惊悚 战争 日韩 歌舞 武侠 灾难 爱情 犯罪 神秘 科幻 纪实 纪录片 西部 运动 迪士尼 音乐 预告片,,◎ The Time to Live and the Time to Die / A Time to Live and a Time to Die / 生死同代◎」◎-◎在◎？◎ ◎上映日期 1985-08-03(中国台湾省)◎IMDb评分? 7.7/10 from 2.9k users ◎IMDb链接?https://www.imdb.com/title/tt0090185/ ◎豆瓣评分 8.9/10 from 47109 users ◎豆瓣链接 豆瓣链接 豆瓣链接 豆瓣链接https://movie.douban.com/subject/1300572/ ◎长◎」◎」◎梅/◎这个女孩从大陆搬到了台湾。在表面平静的日子里，他有自己的想法。祖母（唐如）永远不会忘记大陆，想回去；虽然父亲（田峰）母亲（梅芳）也有外省人 尴尬的身份，但也清楚地知道回到大陆只是一个梦想；姐姐（小艾）几乎是台湾本地人，偶尔悲伤的眼泪，因为想为父母放弃上大学；孩子小谷（顺），只是想怎么玩，没有大陆的概念，对父亲的死，他只是觉得突然太悲伤，因为家庭，无知也知道自己和数然而，会突然裂变的种子已经埋在里面，只等一个机会到来。◎第36届柏林国际电影节 (1986)费比西奖(国际影评人联盟奖) 论坛和新电影论坛最佳影片 侯孝贤第22届台北金马影展 (1985)金马奖 最佳剧情片(提名)金马奖 最佳(提名) 侯孝贤金马奖 最佳女配角 唐如云金马奖 最佳原创剧本 侯孝贤 / 朱天文金马奖 最佳原创配乐(提名),,,资源3D资源 4K 影单 排行TOP250 演唱会 电影 纪录片 蓝光原盘 蓝光高清,8.9,0090185,https://www.imdb.com/title/tt0090185/,https://movie.douban.com/subject/1300572/,https://s44.playwoool.com/wp-content/uploads/2022/02/p2595288426.jpg,,,
雄狮少年 WEB-DL版下载/I Am What I Am 2021 雄狮少年 18.8G,I Am What I Am,2021,2021-12-11,中国大陆,汉语普通话 / 粤语,104分钟,孙海鹏 / Haipeng Sun,里则林 / Zelin Li,,剧情 / 喜剧 / 动画,8.3,7.5,https://www.imdb.com/title/tt16345484/,https://movie.douban.com/subject/35144311/,https://s44.playwoool.com/wp-content/uploads/2022/02/p2636831765.jpg,本片讲述了留守少年阿娟和好友阿猫、阿狗在退役狮王咸鱼强的培训下参加舞狮比赛，经过重重磨砺，从病猫变成雄狮的成长故事。 标签：剧情 动画 华语 喜剧 -本片字幕下载请点这里- 全部磁力链 4K 蓝光原盘 蓝光高清 WEB-DL 字 幕 [无损音乐1T] [美剧蓝光32T] [观影APP] [115网盘优惠充值] 1080P 在线观看 直接高品质在线观看《雄狮少年》 WEB-4K 15.27GB I.Am.What.I.Am.2021.2160p.HQ.WEB-DL.H265.DDP5.1.2Audio-DreamHD WEB-4K 8.96GB I.Am.What.I.Am.2021.2160p.HQ.WEB-DL.H265.HDR.120fps.DDP5.1.2Audio-DreamHD WEB-4K 18.82GB I.Am.What.I.Am.2021.2160p.HQ.WEB-DL.H265.60fps.DDP5.1.2Audio-DreamHD WEB-4K 5.01GB I.Am.What.I.Am.2021.60fps.2160p.WEB-DL.DDP5.1.AAC.H265.2Audio-HDSWEB 4K 8.96GB I.Am.What.I.Am.2021.2160p.HQ.WEB-DL.H265.HDR.120fps.DDP5.1.2Audio-DreamHD 4K 15.27GB I.Am.What.I.Am.2021.2160p.HQ.WEB-DL.H265.DDP5.1.2Audio-DreamHD 4K 18.82GB I.Am.What.I.Am.2021.2160p.HQ.WEB-DL.H265.60fps.DDP5.1.2Audio-DreamHD 4K 15.96GB I.Am.What.I.Am.2021.2160p.HQ.WEB-DL.H265.DV.DDP5.1.2Audio-DreamHD 4K 6.91GB I.Am.What.I.Am.2021.2160p.WEB-DL.H265.DV.DDP5.1.2Audio-DreamHD 4K 20.51GB I.Am.What.I.Am.2021.V2.2160p.HQ.WEB-DL.H265.60fps.DTS5.1.2Audio-DreamHD 4K 16.83GB I.Am.What.I.Am.2021.V2.2160p.HQ.WEB-DL.H265.DTS5.1.2Audio-DreamHD 4K 5.01GB I.Am.What.I.Am.2021.60fps.2160p.WEB-DL.DDP5.1.AAC.H265.2Audio-HDSWEB 蓝光原盘 45.01GB I.Am.What.I.Am.2021.CHN.Blu-ray.1080p.AVC.DTS-HD.MA.5.1-iso-Laszlo 720P 1.26GB I.Am.What.I.Am.2021.CHINESE.720p.BluRay.H264.AAC-VXT 1080P 8.16GB I.Am.What.I.Am.2021.CHINESE.1080p.BluRay.x264.DD5.1-HANDJOB 1080P 1.98GB I.Am.What.I.Am.2021.CHINESE.1080p.BluRay.H264.AAC-VXT 1080P 1.62GB I.Am.What.I.Am.2021.CHINESE.1080p.BluRay.x265-VXT 1080P 10.4GB I.AM.WHAT.I.AM.2021.1080p.BluRay.x264.DTS.2Audio-SONYHD 1080P 10.4GB I.AM.WHAT.I.AM.2021.1080p.BluRay.x264.DTS.2Audio-SONYHD 1080P 6.71GB I.AM.WHAT.I.AM.2021.1080p.BluRay.x265.10bit.DTS.2Audio-SONYHD 1080P 1.62GB I.Am.What.I.Am.2021.CHINESE.1080p.BluRay.x265-VXT 1080P 1.98GB I.Am.What.I.Am.2021.CHINESE.1080p.BluRay.H264.AAC-VXT 1080P 8.16GB I.Am.What.I.Am.2021.CHINESE.1080p.BluRay.x264.DD5.1-HANDJOB 720P 1.26GB I.Am.What.I.Am.2021.CHINESE.720p.BluRay.H264.AAC-VXT WEB-DL 7.7 GB I.Am.What.I.Am.2021.WEB-DL.4K.H265.DDP.5.1.&.AAC.4Audios-HOMEWEB 字 幕 https://www.samfunny.com/download/index.php?id=35144311 ↓ ↓ ↓ 显 示 全 部 ↓ ↓ ↓ Copyright ©2021 音范丝|影音集 内容均采集自互联网，若侵犯您的权益请联系fanyun866#gmail.com，我们将尽快处理。 高清常识 常见问题 蓝光播放工具 点点字幕 布雷克影院 币圈中文攻略 银河碟屋 登录,,
"宁静的热情 蓝光原盘下载+高清MKV版/爱美丽的今生(港) / Emily Dickinson, a Quiet Passion 2016 A Quiet Passion 40.0G","宁静的热情/爱美丽的今生(港) / Emily Dickinson, a Quiet Passion",2016,2016-02-14,英国 / 比利时,英语,125分钟,特伦斯·戴维斯,特伦斯·戴维斯,,剧情 / 传记,7.3,6.5,https://www.imdb.com/title/tt2392830/,https://movie.douban.com/subject/24299620/,https://s44.playwoool.com/wp-content/uploads/2022/01/p2431171804.jpg,影片展现美国传奇诗人艾米莉·狄金森的一生。,"第52届美国国家影评人协会奖 (2018)
最佳女主角(提名) 辛西娅·尼克松
第21届美国在线影评人协会奖 (2017)
最佳女主角(提名) 辛西娅·尼克松
第20届美国在线影评人协会奖 (2017)
最佳非北美上映影片",
机械姬 4K蓝光原盘+高清MKV版 /机器夏娃 / 2015 Ex Machina 68.29G,机械姬/机器夏娃,2015,2015-01-21,,英语,108分钟,亚历克斯·加兰 Alex Garland,,奥斯卡·伊萨克 Oscar Isaac,剧情/科幻,7.9,8.1,,,https://s44.playwoool.com/wp-content/uploads/2015/05/p2208934451.jpg,片中，伊萨克饰演一名神秘的亿万富翁，格里森饰演他公司的一名程序员，后者由于赢得公司一项幸运大奖而被邀请到老板的别墅共度周末。这栋别墅隐匿于林间，它其实是一座高科技的研究所。在那里，格里森被介绍给名为“伊娃”的人工智能机器人(艾丽西卡·维坎德 饰演)，原来他被邀请到这里的真正目的是进行针对伊娃的“图灵测试”(注：一项由图灵提出的测试机器是否具备人类智能的的著名实验）,,
林中小屋 4K蓝光原盘下载+高清MKV版/尸营旅舍(港)/诡屋(台)/林中屋 /2012 The Cabin In The Woods 70.5G,林中小屋/尸营旅舍(港)/诡屋(台)/林中屋,2011,,"◎译 名 林中小屋/尸营旅舍(港)/诡屋(台)/林中屋 ◎片 名 The Cabin In The Woods ◎年 代 2011 ◎国 家 美国 ◎类 别 恐怖/科幻/惊悚 ◎语 言 英语 ◎字 幕 中英双字幕 ◎IMDB评分 7.8/10 from 39,405 users ◎片 长 91 Mins ◎导 演 德鲁·高达 Drew Goddard ◎主 演 克里斯·海姆斯沃斯 Chris Hemsworth ....Curt 理查·詹金斯 Richard Jenkins ....Sitterson 布莱德利·惠特福德 Bradley Whitford ....Hadley Kristen Connolly ....Dana 安娜·哈金森 Anna Hutchison ....Jules Fran Kranz ....Marty 杰斯·威廉姆斯 Jesse Williams ....Holden 布莱恩·J·怀特 Brian J. White ....Truman 艾米·阿克 Amy Acker ....Lin 蒂姆·德·赞 Tim De Zarn ....Mordecai Thomas Lenk ....Ronald The Intern 丹·佩恩 Dan Payne ....Mathew Buckner 祖蒂·弗兰 Jodelle Ferland ....Patience Buckner Dan Shea ....Father Buckner Maya Massar ....Mother Buckner Matt Drake ....Judah Buckner Nels Lennarson ....Clean Man Rukiya Bernard ....Labcoat Girl Peter Kelamis ....Demo Guy #1 Adrian Holmes ....Demo Guy #2 Chelah Horsdal ....Demo Girl 特瑞·陈 Terry Chen ....Operations Guy 海瑟·多克森 Heather Doerksen ....Accountant 帕特里克·萨邦圭 Patrick Sabongui ....Elevator Guard Phillip Mitchell ....Lead Guard Naomi Dane ....Japanese Floaty Girl Ellie Harvie ....Military Liaison Patrick Gilmore ....Werewolf Wrangler Brad Dryborough ....Chem Department Guy Emili Kawashima ....Japanese Frog Girl Aya Furukawa ....Japanese School Girl Maria Go ....Japanese School Girl Serena Akane Chi ....Japanese School Girl Abbey Imai ....Japanese School Girl Marina Ishibashi ....Japanese School Girl Miku Katsuura ....Japanese School Girl Alicia Takase Lui ....Japanese School Girl Jodi Tabuchi ....Japanese School Girl Sara Taira ....Japanese School Girl Alyssandra Yamamoto ....Japanese School Girl Richard Cetrone ....Werewolf / Merman Phoebe Galvan ....Sugarplum Fairy Simon Pidgeon ....Dismemberment Goblin Matt Phillips ....Dismemberment Goblin Lori Stewart ....Floating Witch Greg Zach ....Fornicus, Lord of Bondage and Pain 西格妮·韦弗 Sigourney Weaver ....The Director ◎简 介 一群年轻人在偏僻之地遇见两个看似平凡的中年男子，没想到，这却是恶梦的开始…… 一群喧闹的大学生来到了人迹罕至的小树林里，这五个朋友准备在这里度过一个放纵、开心、难忘的周末。根据指示，他们找到了位于树林深处的一个小木屋，准备在这里开始自己的派对。 一开始，一切都很正常，但是到了晚上，这个小木屋里却接连出现了各种各样奇怪的超自然的以及无法解释的事情。而这五个大学生的性命也处在了危难之中--因为他们根本不知道自己面对的是什么，而这些背后还有一个多么庞大的组织在监视这这一切…… 幕后制作 不一样的恐怖片 最新电影《林中小屋》一开始的故事和大多数恐怖片并无二致，说的是一群大学生来到林中小屋里玩闹，半夜碰到了怪事。可是就在一切都在向着恐怖片的俗套发展的时候，导演突然在电影里加入了技术人员，他们监视着小屋里的恐怖事件，他们在研究这种超自然的现象。应该说，这样的改编很有可能会害了这部电影，因为这种情节，极有可能会把影片搞成一个四不像。对于此，影片的导演德鲁·高达说：“从一个层面上来说，《林中小屋》是一部传统的恐怖片，你大可以随意抱着一桶爆米花，随便看看这部电影，因为这里有传统恐怖片的一切。而站在另一个层面上，这部电影又与传统的恐怖片极为不同。我在剧本中加入了很多超现实的、科幻的元素。这些元素改变着这部电影的内容和质感。也就是说，你从这部电影中得到的，会比一般的恐怖片多得多，它会更令人满足。” 对于影片的剧本，扮演了雷神的澳洲男演员克里斯·海姆斯沃斯说：“一开始拿到这个剧本的时候，我觉得这是一部简单、无聊的恐怖片，都是一样的题材和故事，非常无趣，但是当我一页一页阅读下去，我却发现这个故事比我想象的要复杂的多，我开始渐渐迷上了这个故事，而且对故事的喜爱一发不可收拾。在我看来，这个剧本就好像是一个全套一样，一开始给你一些你熟悉的东西，让你上当，后来再一点点颠覆你的认知。这很过瘾。” 其实，这样的一个剧本，在编剧乔斯·韦登（《复仇者联盟》导演）的眼中，是他和高达写给恐怖电影的一封情书。韦登说：“我喜爱恐怖片，但是现在的恐怖片的情节却越来越平庸和无聊，看了前面就知道了后面，这令人很沮丧，而且杀人的镜头也愈发地恶心。所以，我想用自己的剧本改变这一切。我们就编了这个故事，在故事里，我们对传统恐怖片的情节进行了改良，让剧情在更好看的同时，还加入了科幻元素。这样一来，恐怖片似乎变得更加有趣和丰富了。说到底，这就是我们写给挚爱的恐怖片的一封情书，可能也只有狂热地喜爱恐怖片的人才能从中得到乐趣吧。” 不把观众当白痴 “很多恐怖片的导演，都在把观众当作白痴。”克里斯·海姆斯沃斯这么表达自己的观点：“无聊的噱头，一点也部恐怖的情节，似乎他们就是为了把电影拍完才拍摄电影一样。不过，这部电影很不一样，除了故事被改良了之外，影片在拍摄中也结合了大量的CG特效，演员选的也很棒，有新人演员，也有熟面孔。总而言之，虽然成本很小，但是德鲁·高达却并没有把这部电影当作一部小成本电影来拍摄。他很小心、谨慎地拍摄着影片，就好像这是一部大制作一样。” 其实，要拍摄一部尊重观众的电影，也是德鲁·高达的愿望，他说：“观众越来越挑剔，现在再也不是那种随便拍摄一部恐怖片就能叫得响的年代了。所以，尊重观众的智商是一定要的。而且，观众肯定希望电影里能出现一些他们熟悉的面孔，不能用太多的新人来演出一部恐怖片。如果既没有熟悉的明星，故事也没有意思，那么这部电影还是不需要拍摄了。”很明显，德鲁·高达就是这么做的。下载电影在演员的选择方面，他找来了克里斯·海姆斯沃斯、布莱德利·惠特福德这样的熟面孔，也找来了很多第一次走上大银幕的新面孔。对于自己的演员，德鲁·高达说：“我想在影片中呈现出一种更为戏剧化的味道，所以我找到的演员大多不是恐怖片演员，其中有正剧的演员、喜剧的演员等等。我面试了很多人，让他们表演喜剧和正剧等等。我觉得要是能准确地表达出剧本的内容和情感来的话，那么演恐怖片也就成了简单的事情。最后，我选定了这样的演员阵容，我很满意。” 在演艺圈混迹已久的理查·詹金斯，是德鲁·高达“钦定”的出现在监控室里的演员，高达说：“我在写剧本的时候，就在想，如果能让詹金斯来扮演这个角色，那就太赞了。后来，通过公司，我还真的联系到了他，邀请到了他，这令我喜出望外。”对于这个指挥官一样的角色，詹金斯说：“监控室里的这个角色很有意思，而且在恐怖片里出现这样的设定也很棒。在树林里，正在发生恐怖事件，而在监控室里，处在当代文明保护下的人正在监视着这一切。这两个原本没有交集的世界在这个时候融合在了一起。我觉得这是一个很了不起的情节设定。” 花絮 ·本片由著名导演、编剧、人乔斯·韦登（《复仇者联盟》导演）编剧。",英语,91 Mins,德鲁·高达 Drew Goddard,"◎译 名 林中小屋/尸营旅舍(港)/诡屋(台)/林中屋 ◎片 名 The Cabin In The Woods ◎年 代 2011 ◎国 家 美国 ◎类 别 恐怖/科幻/惊悚 ◎语 言 英语 ◎字 幕 中英双字幕 ◎IMDB评分 7.8/10 from 39,405 users ◎片 长 91 Mins ◎导 演 德鲁·高达 Drew Goddard ◎主 演 克里斯·海姆斯沃斯 Chris Hemsworth ....Curt 理查·詹金斯 Richard Jenkins ....Sitterson 布莱德利·惠特福德 Bradley Whitford ....Hadley Kristen Connolly ....Dana 安娜·哈金森 Anna Hutchison ....Jules Fran Kranz ....Marty 杰斯·威廉姆斯 Jesse Williams ....Holden 布莱恩·J·怀特 Brian J. White ....Truman 艾米·阿克 Amy Acker ....Lin 蒂姆·德·赞 Tim De Zarn ....Mordecai Thomas Lenk ....Ronald The Intern 丹·佩恩 Dan Payne ....Mathew Buckner 祖蒂·弗兰 Jodelle Ferland ....Patience Buckner Dan Shea ....Father Buckner Maya Massar ....Mother Buckner Matt Drake ....Judah Buckner Nels Lennarson ....Clean Man Rukiya Bernard ....Labcoat Girl Peter Kelamis ....Demo Guy #1 Adrian Holmes ....Demo Guy #2 Chelah Horsdal ....Demo Girl 特瑞·陈 Terry Chen ....Operations Guy 海瑟·多克森 Heather Doerksen ....Accountant 帕特里克·萨邦圭 Patrick Sabongui ....Elevator Guard Phillip Mitchell ....Lead Guard Naomi Dane ....Japanese Floaty Girl Ellie Harvie ....Military Liaison Patrick Gilmore ....Werewolf Wrangler Brad Dryborough ....Chem Department Guy Emili Kawashima ....Japanese Frog Girl Aya Furukawa ....Japanese School Girl Maria Go ....Japanese School Girl Serena Akane Chi ....Japanese School Girl Abbey Imai ....Japanese School Girl Marina Ishibashi ....Japanese School Girl Miku Katsuura ....Japanese School Girl Alicia Takase Lui ....Japanese School Girl Jodi Tabuchi ....Japanese School Girl Sara Taira ....Japanese School Girl Alyssandra Yamamoto ....Japanese School Girl Richard Cetrone ....Werewolf / Merman Phoebe Galvan ....Sugarplum Fairy Simon Pidgeon ....Dismemberment Goblin Matt Phillips ....Dismemberment Goblin Lori Stewart ....Floating Witch Greg Zach ....Fornicus, Lord of Bondage and Pain 西格妮·韦弗 Sigourney Weaver ....The Director ◎简 介 一群年轻人在偏僻之地遇见两个看似平凡的中年男子，没想到，这却是恶梦的开始…… 一群喧闹的大学生来到了人迹罕至的小树林里，这五个朋友准备在这里度过一个放纵、开心、难忘的周末。根据指示，他们找到了位于树林深处的一个小木屋，准备在这里开始自己的派对。 一开始，一切都很正常，但是到了晚上，这个小木屋里却接连出现了各种各样奇怪的超自然的以及无法解释的事情。而这五个大学生的性命也处在了危难之中--因为他们根本不知道自己面对的是什么，而这些背后还有一个多么庞大的组织在监视这这一切…… 幕后制作 不一样的恐怖片 最新电影《林中小屋》一开始的故事和大多数恐怖片并无二致，说的是一群大学生来到林中小屋里玩闹，半夜碰到了怪事。可是就在一切都在向着恐怖片的俗套发展的时候，导演突然在电影里加入了技术人员，他们监视着小屋里的恐怖事件，他们在研究这种超自然的现象。应该说，这样的改编很有可能会害了这部电影，因为这种情节，极有可能会把影片搞成一个四不像。对于此，影片的导演德鲁·高达说：“从一个层面上来说，《林中小屋》是一部传统的恐怖片，你大可以随意抱着一桶爆米花，随便看看这部电影，因为这里有传统恐怖片的一切。而站在另一个层面上，这部电影又与传统的恐怖片极为不同。我在剧本中加入了很多超现实的、科幻的元素。这些元素改变着这部电影的内容和质感。也就是说，你从这部电影中得到的，会比一般的恐怖片多得多，它会更令人满足。” 对于影片的剧本，扮演了雷神的澳洲男演员克里斯·海姆斯沃斯说：“一开始拿到这个剧本的时候，我觉得这是一部简单、无聊的恐怖片，都是一样的题材和故事，非常无趣，但是当我一页一页阅读下去，我却发现这个故事比我想象的要复杂的多，我开始渐渐迷上了这个故事，而且对故事的喜爱一发不可收拾。在我看来，这个剧本就好像是一个全套一样，一开始给你一些你熟悉的东西，让你上当，后来再一点点颠覆你的认知。这很过瘾。” 其实，这样的一个剧本，在乔斯·韦登（《复仇者联盟》导演）的眼中，是他和高达写给恐怖电影的一封情书。韦登说：“我喜爱恐怖片，但是现在的恐怖片的情节却越来越平庸和无聊，看了前面就知道了后面，这令人很沮丧，而且杀人的镜头也愈发地恶心。所以，我想用自己的剧本改变这一切。我们就编了这个故事，在故事里，我们对传统恐怖片的情节进行了改良，让剧情在更好看的同时，还加入了科幻元素。这样一来，恐怖片似乎变得更加有趣和丰富了。说到底，这就是我们写给挚爱的恐怖片的一封情书，可能也只有狂热地喜爱恐怖片的人才能从中得到乐趣吧。” 不把观众当白痴 “很多恐怖片的导演，都在把观众当作白痴。”克里斯·海姆斯沃斯这么表达自己的观点：“无聊的噱头，一点也部恐怖的情节，似乎他们就是为了把电影拍完才拍摄电影一样。不过，这部电影很不一样，除了故事被改良了之外，影片在拍摄中也结合了大量的CG特效，演员选的也很棒，有新人演员，也有熟面孔。总而言之，虽然成本很小，但是德鲁·高达却并没有把这部电影当作一部小成本电影来拍摄。他很小心、谨慎地拍摄着影片，就好像这是一部大制作一样。” 其实，要拍摄一部尊重观众的电影，也是德鲁·高达的愿望，他说：“观众越来越挑剔，现在再也不是那种随便拍摄一部恐怖片就能叫得响的年代了。所以，尊重观众的智商是一定要的。而且，观众肯定希望电影里能出现一些他们熟悉的面孔，不能用太多的新人来演出一部恐怖片。如果既没有熟悉的明星，故事也没有意思，那么这部电影还是不需要拍摄了。”很明显，德鲁·高达就是这么做的。下载电影在演员的选择方面，他找来了克里斯·海姆斯沃斯、布莱德利·惠特福德这样的熟面孔，也找来了很多第一次走上大银幕的新面孔。对于自己的演员，德鲁·高达说：“我想在影片中呈现出一种更为戏剧化的味道，所以我找到的演员大多不是恐怖片演员，其中有正剧的演员、喜剧的演员等等。我面试了很多人，让他们表演喜剧和正剧等等。我觉得要是能准确地表达出剧本的内容和情感来的话，那么演恐怖片也就成了简单的事情。最后，我选定了这样的演员阵容，我很满意。” 在演艺圈混迹已久的理查·詹金斯，是德鲁·高达“钦定”的出现在监控室里的演员，高达说：“我在写剧本的时候，就在想，如果能让詹金斯来扮演这个角色，那就太赞了。后来，通过制片公司，我还真的联系到了他，邀请到了他，这令我喜出望外。”对于这个指挥官一样的角色，詹金斯说：“监控室里的这个角色很有意思，而且在恐怖片里出现这样的设定也很棒。在树林里，正在发生恐怖事件，而在监控室里，处在当代文明保护下的人正在监视着这一切。这两个原本没有交集的世界在这个时候融合在了一起。我觉得这是一个很了不起的情节设定。” 花絮 ·本片由著名导演、、制片人乔斯·韦登（《复仇者联盟》导演）。",克里斯·海姆斯沃斯 Chris Hemsworth ....Curt,恐怖/科幻/惊悚,2011,,,,https://s44.playwoool.com/wp-content/uploads/2015/05/p1733141383-1.jpg,一群年轻人在偏僻之地遇见两个看似平凡的中年男子，没想到，这却是恶梦的开始…… 一群喧闹的大学生来到了人迹罕至的小树林里，这五个朋友准备在这里度过一个放纵、开心、难忘的周末。根据指示，他们找到了位于树林深处的一个小木屋，准备在这里开始自己的派对。 一开始，一切都很正常，但是到了晚上，这个小木屋里却接连出现了各种各样奇怪的超自然的以及无法解释的事情。而这五个大学生的性命也处在了危难之中--因为他们根本不知道自己面对的是什么，而这些背后还有一个多么庞大的组织在监视这这一切…… 幕后制作 不一样的恐怖片 最新电影《林中小屋》一开始的故事和大多数恐怖片并无二致，说的是一群大学生来到林中小屋里玩闹，半夜碰到了怪事。可是就在一切都在向着恐怖片的俗套发展的时候，导演突然在电影里加入了技术人员，他们监视着小屋里的恐怖事件，他们在研究这种超自然的现象。应该说，这样的改编很有可能会害了这部电影，因为这种情节，极有可能会把影片搞成一个四不像。对于此，影片的导演德鲁·高达说：“从一个层面上来说，《林中小屋》是一部传统的恐怖片，你大可以随意抱着一桶爆米花，随便看看这部电影，因为这里有传统恐怖片的一切。而站在另一个层面上，这部电影又与传统的恐怖片极为不同。我在剧本中加入了很多超现实的、科幻的元素。这些元素改变着这部电影的内容和质感。也就是说，你从这部电影中得到的，会比一般的恐怖片多得多，它会更令人满足。” 对于影片的剧本，扮演了雷神的澳洲男演员克里斯·海姆斯沃斯说：“一开始拿到这个剧本的时候，我觉得这是一部简单、无聊的恐怖片，都是一样的题材和故事，非常无趣，但是当我一页一页阅读下去，我却发现这个故事比我想象的要复杂的多，我开始渐渐迷上了这个故事，而且对故事的喜爱一发不可收拾。在我看来，这个剧本就好像是一个全套一样，一开始给你一些你熟悉的东西，让你上当，后来再一点点颠覆你的认知。这很过瘾。” 其实，这样的一个剧本，在编剧乔斯·韦登（《复仇者联盟》导演）的眼中，是他和高达写给恐怖电影的一封情书。韦登说：“我喜爱恐怖片，但是现在的恐怖片的情节却越来越平庸和无聊，看了前面就知道了后面，这令人很沮丧，而且杀人的镜头也愈发地恶心。所以，我想用自己的剧本改变这一切。我们就编了这个故事，在故事里，我们对传统恐怖片的情节进行了改良，让剧情在更好看的同时，还加入了科幻元素。这样一来，恐怖片似乎变得更加有趣和丰富了。说到底，这就是我们写给挚爱的恐怖片的一封情书，可能也只有狂热地喜爱恐怖片的人才能从中得到乐趣吧。” 不把观众当白痴 “很多恐怖片的导演，都在把观众当作白痴。”克里斯·海姆斯沃斯这么表达自己的观点：“无聊的噱头，一点也部恐怖的情节，似乎他们就是为了把电影拍完才拍摄电影一样。不过，这部电影很不一样，除了故事被改良了之外，影片在拍摄中也结合了大量的CG特效，演员选的也很棒，有新人演员，也有熟面孔。总而言之，虽然成本很小，但是德鲁·高达却并没有把这部电影当作一部小成本电影来拍摄。他很小心、谨慎地拍摄着影片，就好像这是一部大制作一样。” 其实，要拍摄一部尊重观众的电影，也是德鲁·高达的愿望，他说：“观众越来越挑剔，现在再也不是那种随便拍摄一部恐怖片就能叫得响的年代了。所以，尊重观众的智商是一定要的。而且，观众肯定希望电影里能出现一些他们熟悉的面孔，不能用太多的新人来演出一部恐怖片。如果既没有熟悉的明星，故事也没有意思，那么这部电影还是不需要拍摄了。”很明显，德鲁·高达就是这么做的。下载电影在演员的选择方面，他找来了克里斯·海姆斯沃斯、布莱德利·惠特福德这样的熟面孔，也找来了很多第一次走上大银幕的新面孔。对于自己的演员，德鲁·高达说：“我想在影片中呈现出一种更为戏剧化的味道，所以我找到的演员大多不是恐怖片演员，其中有正剧的演员、喜剧的演员等等。我面试了很多人，让他们表演喜剧和正剧等等。我觉得要是能准确地表达出剧本的内容和情感来的话，那么演恐怖片也就成了简单的事情。最后，我选定了这样的演员阵容，我很满意。” 在演艺圈混迹已久的理查·詹金斯，是德鲁·高达“钦定”的出现在监控室里的演员，高达说：“我在写剧本的时候，就在想，如果能让詹金斯来扮演这个角色，那就太赞了。后来，通过制片公司，我还真的联系到了他，邀请到了他，这令我喜出望外。”对于这个指挥官一样的角色，詹金斯说：“监控室里的这个角色很有意思，而且在恐怖片里出现这样的设定也很棒。在树林里，正在发生恐怖事件，而在监控室里，处在当代文明保护下的人正在监视着这一切。这两个原本没有交集的世界在这个时候融合在了一起。我觉得这是一个很了不起的情节设定。” 花絮 ·本片由著名导演、编剧、制片人乔斯·韦登（《复仇者联盟》导演）编剧。 标签：4K 恐怖 惊悚 科幻 -本片字幕下载请点这里- 全部磁力链 4K 蓝光原盘 蓝光高清 WEB-DL 字 幕 [无损音乐1T] [美剧蓝光32T] [观影APP] [115网盘优惠充值] 4K 17.74GB The.Cabin.in.the.Woods.2012.2160p.UHD.BluRay.x265-TERMiNAL 4K 11.92GB The.Cabin.In.The.Woods.2011.2160p.BluRay.DV.HDR.ENG.LATINO.DDP.5.1.H265.MP4-BEN.THE.MEN 4K 60.39GB The.Cabin.in.the.Woods.2012.PROPER.2160p.BluRay.REMUX.HEVC.DTS-HD.MA.TrueHD.7.1.Atmos-FGT 4K原盘 78.5 GB The.Cabin.in.the.Woods.2012.2160p.BluRay.HEVC.TrueHD.7.1.Atmos-TERMiNAL 4K 8.56GB The.Cabin.in.the.Woods.2011.2160p.UHD.BluRay.x265.10bit.HDR.TrueHD.7.1.Atmos-RARBG 4K高清 33.1 GB The.Cabin.in.the.Woods.2012.2160p.BluRay.x264.8bit.SDR.DTS-HD.MA.TrueHD.7.1.Atmos-SWTYBLZ 4K高清 29.0 GB The.Cabin.in.the.Woods.2012.2160p.BluRay.x265.10bit.SDR.DTS-HD.MA.TrueHD.7.1.Atmos-SWTYBLZ 4K 57.41GB The.Cabin.in.the.Woods.2012.UHD.BluRay.2160p.TrueHD.Atmos.7.1.DV.HEVC.REMUX-FraMeSToR 4K 5.75GB The.Cabin.in.the.Woods.2011.2160p.UHD.BluRay.x265.10bit.HDR.DDP5.1-RARBG 4K 51.39GB The.Cabin.in.the.Woods.2012.V2.UHD.BluRay.REMUX.2160p.HEVC.Atmos.TrueHD7.1-DreamHD 4K 54.66GB The.Cabin.in.the.Woods.2012.2160p.Dolby.Vision.HDR10.Multi.Sub.DDP5.1.EAC3.HYBRID.REMUX.DV.x265.MP4-CYPH3R.mp4 4K REMUX 60.4 GB The.Cabin.in.the.Woods.2012.2160p.BluRay.REMUX.HEVC.DTS-HD.MA.TrueHD.7.1.Atmos-FGT 蓝光原盘 网盘 收藏级《林中小屋》顶级内封中字版蓝光ISO 蓝光原盘 39.8 GB The.Cabin.In.The.Woods.2012.1080p.BluRay.AVC.DTS-HD.MA.7.1-FGT REMUX 20.2 GB The.Cabin.In.The.Woods.2012.Blu-Ray.1080p.AVC.ReMuX.DTS-HDMA.7.1-R2D2 720P 1.15GB The.Cabin.in.the.Woods.2012.720p.BluRay.H264.AAC-RARBG 1080P 9.6 GB The.Cabin.in.the.Woods.2012.1080p.BluRay.DTS.x264-CtrlHD 1080P 6.66GB The.Cabin.In.The.Woods.2011.1080p.BluRay.x264-HDEX 1080P 13.7 GB The.Cabin.in.the.Woods.2012.1080p.BluRay.x264.TrueHD.7.1.Atmos-SWTYBLZ 1080P 3.2 GB Cabin.In.The.Woods.2012.BluRay.1080p.DTS.x264-CHD 1080P 6.66GB The.Cabin.In.The.Woods.2011.1080p.BluRay.x264-HDEX 720P 4.4 GB The.Cabin.In.The.Woods.2012.720p.BluRay.x264-HDEX [PublicHD] 720P 4.4 GB The.Cabin.In.The.Woods.2012.720p.BluRay.x264-HDEX [PublicHD] 1080P 9.95GB The.Cabin.in.the.Woods.2011.1080p.BluRay.x264.DTS-FGT 1080P 3.4 GB The.Cabin.in.the.Woods.2012.1080p.BluRay.AC3.x264-tomcat12[ETRG] 720P 2.6GB 林中小屋.2011.中英字幕￡CMCT玄子 1080P 8.8 GB 2012.08.20.The.Cabin.In.The.Woods.2011.BluRay.1080p.x264.DTS-MySilu 1080P 6.6 GB The.Cabin.In.The.Woods.2012.1080p.BluRay.x264-HDEX [PublicHD] 1080P 1.81GB The.Cabin.in.the.Woods.2012.1080p.BluRay.H264.AAC-RARBG 1080P 5.2 GB The.Cabin.in.the.Woods.2012.BluRay.1080p.x264 LTT 1080P 13.7 GB The.Cabin.in.the.Woods.2012.1080p.BluRay.x264.TrueHD.7.1.Atmos-SWTYBLZ 1080P 7.86GB The.Cabin.In.The.Woods.2011.BluRay.1080p.DTS-HD.MA5.1.x264-beAst 1080P 9.95GB The.Cabin.in.the.Woods.2011.1080p.BluRay.x264.DTS-FGT 720P 1.15GB The.Cabin.in.the.Woods.2011.720p.BluRay.H264.AAC-RARBG 1080P 8.9 GB 2012.08.22.The.Cabin.In.The.Woods.2011.BD.x264-10bit.1080p.FLAC.Mysilu 1080P 15.0 GB The.Cabin.in.the.Woods.2012.Bluray.1080p.x264-Grym 1080P 1.81GB The.Cabin.in.the.Woods.2012.1080p.BluRay.H264.AAC-RARBG WEB-1080P 3.33GB The Cabin in the Woods..2012.1080p.NF.WebDL.AVC.DD.5.1-ETRG 字 幕 https://www.samfunny.com/download/index.php?id= ↓ ↓ ↓ 显 示 全 部 ↓ ↓ ↓ Copyright ©2021 音范丝|影音集 内容均采集自互联网，若侵犯您的权益请联系fanyun866#gmail.com，我们将尽快处理。 高清常识 常见问题 蓝光播放工具 点点字幕 布雷克影院 币圈中文攻略 银河碟屋 登录,,
Soho区惊魂夜 蓝光原盘下载+高清MKV版/苏豪的最后一夜(港) / 迷离夜苏活(台) 2021 Last Night in Soho 20.5G,Soho区惊魂夜 / 苏豪的最后一夜(港) / 迷离夜苏活(台),2021,2021-09-04,英国,英语,116分钟,埃德加·赖特 / Edgar Wright,埃德加·赖特 / Edgar Wright,"◎译 名 Soho区惊魂夜 / 苏豪的最后一夜(港) / 迷离夜苏活(台) ◎片 名 Last Night in Soho ◎年 代 2021 ◎产 地 英国 ◎类 别 悬疑 / 恐怖 ◎语 言 英语 ◎上映日期 2021-09-04(威尼斯电影节) / 2021-10-29(美国) ◎IMDb评分 7.5/10 from 24,239 users ◎IMDb链接 https://www.imdb.com/title/tt9639470/ ◎豆瓣评分 7.3/10 from 1,365 users ◎豆瓣链接 https://movie.douban.com/subject/30447440/ ◎片 长 116分钟 ◎导 演 埃德加·赖特 / Edgar Wright ◎演 员 托马辛·麦肯齐 / Thomasin McKenzie | 饰 Eloise 安雅·泰勒-乔伊 / Anya Taylor-Joy | 饰 Sandy 马特·史密斯 / Matt Smith | 饰 Jack 黛安娜·里格 / Diana Rigg | 饰 Miss Collins 特伦斯·斯坦普 / Terence Stamp 莉莎·麦格里利斯 / Lisa McGrillis 詹姆斯·菲尔浦斯 / James Phelps | 饰 Cloakroom Attendant 洁西·梅·李 / Jessie Mei Li | 饰 Lara 奥利弗·费尔普斯 / Oliver Phelps | 饰 Jarvis 丽塔·塔欣厄姆 / Rita Tushingham | 饰 Peggy Turner 西诺薇·卡尔森 / Synnove Karlsen | 饰 Joa 玛格丽特·诺兰 / Margaret Nolan 安德鲁·比克内尔 / Andrew Bicknell | 饰 Pointer 迈克尔·吉普森 / Michael Jibson | 饰 Detective 卡西厄斯·纳尔逊 / Kassius Nelson | 饰 Cami 丽贝卡·哈罗德 / Rebecca Harrod | 饰 Ashley 乔什·扎雷 / Josh Zaré | 饰 Drunk Arsehole 科林·梅斯 / Colin Mace | 饰 Cab Driver 尼克·欧文福特 / Nick Owenford | 饰 Cafe de Paris Guest 乔基姆·斯卡利 / Joakim Skarli | 饰 Cafe de Paris Guest 亚当·索普 / Adam Sopp | 饰 Toucan 威尔·罗杰斯 / Will Rogers | 饰 James 格林·安格尔 / Glyn Angell | 饰 Fashion Student 金·查普曼 / Kim Chapman | 饰 Cigarette Girl ◎编 剧 埃德加·赖特 / Edgar Wright 克里斯蒂·威尔逊-凯恩斯 / Krysty Wilson-Cairns ◎制 片 人 埃德加·赖特 / Edgar Wright ◎摄 影 丁正勋 / Chung-hoon Chung ◎简 介 一个对时装设计充满激情的年轻女孩神秘地进入了20世纪60年代，在那里她遇到了自己的偶像，一个令人眼花缭乱的准歌手。但上世纪60年代的伦敦并不是它看起来的那样，时间似乎随着阴暗的后果而分崩离析。",悬疑 / 恐怖,7.3,7.5,,,https://s44.playwoool.com/wp-content/uploads/2021/11/p2651865609.jpg,一个对时装设计充满激情的年轻女孩神秘地进入了20世纪60年代，在那里她遇到了自己的偶像，一个令人眼花缭乱的准歌手。但上世纪60年代的伦敦并不是它看起来的那样，时间似乎随着阴暗的后果而分崩离析。 标签：恐怖 悬疑 -本片字幕下载请点这里- 全部磁力链 4K 蓝光原盘 蓝光高清 WEB-DL 字 幕 [无损音乐1T] [美剧蓝光32T] [观影APP] [115网盘优惠充值] WEB-4K 12.43GB Last.Night.in.Soho.2021.2160p.WEB-DL.x265.10bit.HDR.DDP5.1.Atmos-NOGRP 4K 9.14GB Last.Night.in.Soho.2021.2160p.UHD.BluRay.x265.10bit.HDR.TrueHD.7.1.Atmos-RARBG 4K 42.98GB Last.Night.in.Soho.2021.2160p.BluRay.x265.10bit.SDR.DTS-HD.MA.TrueHD.7.1.Atmos-SWTYBLZ 4K其它 28.4 GB Last.Night.in.Soho.2021.2160p.UHD.BluRay.x265-B0MBARDiERS WEB-4K 10.42GB Last.Night.in.Soho.2021.2160p.WEB-DL.x265.10bit.SDR.DDP5.1.Atmos-NOGRP 4K 7.15GB Last.Night.in.Soho.2021.2160p.UHD.BluRay.x265.10bit.HDR.DDP5.1.Atmos-RARBG 4K 87.78GB Last.Night.in.Soho.2021.COMPLETE.UHD.BLURAY-B0MBARDiERS 4K原盘Remux 54.8 GB Last.Night.in.Soho.2021.2160p.BluRay.REMUX.HEVC.DTS-HD.MA.TrueHD.7.1.Atmos-FGT 4K 47.76GB Last.Night.in.Soho.2021.2160p.BluRay.x264.8bit.SDR.DTS-HD.MA.TrueHD.7.1.Atmos-SWTYBLZ 蓝光原盘 网盘 收藏级《Soho区惊魂夜》顶级内封中字版蓝光ISO 原盘Remux 30.4 GB Last.Night.in.Soho.2021.1080p.BluRay.REMUX.AVC.DTS-HD.MA.TrueHD.7.1.Atmos-FGT 蓝光原盘 43.6 GB Last.Night.in.Soho.2021.1080p.BluRay.AVC.TrueHD.7.1.Atmos-FGT 1080P 在线欣赏 /// 点击在线观看《Soho区惊魂夜 Last Night in Soho》/// 1080P 18.6 GB Last.Night.in.Soho.2021.1080p.BluRay.x264.DTS-MT 1080P 20.5 GB Last.Night.in.Soho.2021.1080p.BluRay.x264.DTS-HD.MA.7.1-MT 720P 1.41GB Last.Night.in.Soho.2021.720p.BluRay.H264.AAC-RARBG 1080P 1.81GB Last.Night.in.Soho.2021.1080p.BluRay.x265-RARBG 1080P 11.52GB Last.Night.in.Soho.2021.1080p.Bluray.Atmos.TrueHD.7.1.x264-EVO 1080P 15.4 GB Last.Night.In.Soho.2021.1080p.BluRay.x264-VETO[rarbg] 1080P 2.22GB Last.Night.in.Soho.2021.1080p.BluRay.H264.AAC-RARBG 1080P 20.2 GB Last.Night.in.Soho.2021.1080p.BluRay.x264.TrueHD.7.1.Atmos-MT 720P 5.8 GB Last.Night.In.Soho.2021.720p.BluRay.x264-VETO[rarbg] WEB-1080 4.0 GB Last.Night.in.Rozzie.2021.1080p.WEBRip.DD5.1.x264-NOGRP WEB-1080P 1.82GB Last.Night.in.Soho.2021.1080p.WEBRip.x265-RARBG WEB-1080P 2.23GB Last.Night.in.Soho.2021.1080p.WEBRip.x264-RARBG WEB-1080P 8.09GB Last.Night.in.Soho.2021.1080p.AMZN.WEBRip.DDP5.1.x264-NOGRP WEB-1080P 7.98GB Last.Night.in.Soho.2021.1080p.AMZN.WEB-DL.DDP5.1.H.264-EVO 字 幕 https://www.samfunny.com/download/index.php?id=30447440 ↓ ↓ ↓ 显 示 全 部 ↓ ↓ ↓ Copyright ©2021 音范丝|影音集 内容均采集自互联网，若侵犯您的权益请联系fanyun866#gmail.com，我们将尽快处理。 高清常识 常见问题 蓝光播放工具 点点字幕 布雷克影院 币圈中文攻略 银河碟屋 登录,,
塔米·菲的眼睛 蓝光原盘下载+高清MKV版/神圣电视台(台) 2021 The Eyes of Tammy Faye 45.5G,塔米·菲的眼睛,2021,2021-09-12,美国 / 加拿大,英语,126分钟,迈克尔·肖沃特,Abe Sylvia,,剧情 / 传记,7.2,7.0,https://www.imdb.com/title/tt9115530,https://movie.douban.com/subject/33440550/,https://s44.playwoool.com/wp-content/uploads/2021/11/p2682483153.jpg,《综艺》报道：杰西卡·查斯坦与安德鲁·加菲尔德将出演[福斯探照灯]传记片《#塔米·菲的眼睛#》（Eyes of Tammy Faye）。该作品改编自2000年同名纪录片，讲述塔米·菲（杰西卡·查斯坦 饰）和吉姆·贝克（安德鲁·加菲尔德 饰）这对夫妇作为电视福音布道家的大起大落。在上世纪70-80年代，塔米·菲和吉姆·贝克从贫寒中奋起，创建了当时世界上最庞大的宗教广播电视网和一个主题公园，从而受人敬仰。不过好景不长，经济上的不当行为、诡计多端的竞争对手以及性丑闻的爆发使得这对夫妇的婚姻破裂，导致他们精心构建起来的帝国从而崩塌。影片将由“大病”导演迈克尔·肖沃特执导。杰西卡·查斯坦会担任本片制片人。,"第69届圣塞巴斯蒂安国际电影节 (2021)
金贝壳奖(提名) 迈克尔·肖沃特
最佳主角表演 杰西卡·查斯坦",
拒绝再战 蓝光高清MKV版/止损 / 强制返征 / 停止损失 2008 Stop-Loss 15.7G,拒绝再战/ 止损 / 强制返征 / 停止损失,2008,2008-03-28,美国,英语,112分钟,金伯莉·皮尔斯,金伯莉·皮尔斯 / Mark Richard,瑞恩·菲利普 / 约瑟夫·高登-莱维特 / 罗伯·布朗 / 查宁·塔图姆 / 维克多·罗塞克 / Quay Terry / Matthew Scott Wilcox / Connett Brewer / 蒂莫西·奥利芬特 / 约瑟夫·索默 / 琳达·伊蒙 / 塞伦·希德 / 麦米·古默 / 艾比·考尼什 / 阿里克斯·弗罗斯特,剧情 / 战争,7.3,6.4,https://www.imdb.com/title/tt0489281/,https://movie.douban.com/subject/1951113/,https://s44.playwoool.com/wp-content/uploads/2021/10/p626455656.jpg,备受期待的伊战影片《止损》由三位人气男星莱恩·菲利普、查宁·塔图姆、约瑟夫·高登·莱维特主演。 片名“stop-loss”（止损）原本是金融外汇领域常见的词语，大致指投资失误时设法把损失限定在较小范围内的一种行为。越战之后这个词被美国政府加以利用，“stop-loss procedure”（止损程序）是指军方在其认定的紧急情况下，强迫已经履行完毕服役期间的任务或者有条件退休的士兵延长服役时间的一种行为。根据一项估计，这一备受争议的政策使得大概有7000名原定可以回国的美军士兵被迫滞留在伊拉克。 片中由莱恩·菲利普饰演的布兰登·金中士带着荣誉回到了家乡小城并打算重建自己的生活，但是军方在止损程序下强行要求他立即回到伊拉克继续服役，不得已之下布兰登开始了亡命天涯的旅程，逃避一个他原本不惜生命去保护的国家的所谓“正义”。 标签：剧情 战争 -本片字幕下载请点这里- 全部磁力链 4K 蓝光原盘 蓝光高清 WEB-DL 字 幕 [无损音乐1T] [美剧蓝光32T] [观影APP] [115网盘优惠充值] 1080P 15.1 GB Stop-Loss.2008.1080p.BluRay.x264.DTS-FGT 1080P 8.9 GB Stop-Loss.2008.1080p.BluRay.X264-AMIABLE[rarbg] 1080P 8.7 GB Stop-Loss.2008.1080p.BluRay.X264-AMIABLE [PublicHD] 720P 5.5 GB Stop-Loss.2008.720p.BluRay.X264-AMIABLE[rarbg] 1080P 8.7 GB Stop-Loss.2008.1080p.BluRay.X264-AMIABLE 字 幕 https://www.samfunny.com/download/index.php?id=1951113 Copyright ©2021 音范丝|影音集 内容均采集自互联网，若侵犯您的权益请联系fanyun866#gmail.com，我们将尽快处理。 高清常识 常见问题 蓝光播放工具 点点字幕 布雷克影院 币圈中文攻略 银河碟屋 登录,◎译 名 拒绝再战/ 止损 / 强制返征 / 停止损失 ◎片 名 Stop-Loss ◎年 代 2008 ◎产 地 美国 ◎类 别 剧情 / 战争 ◎语 言 英语 ◎上映日期 2008-03-28 ◎IMDb评分 6.4/10 from 20k users ◎IMDb链接 https://www.imdb.com/title/tt0489281/ ◎豆瓣评分 7.3/10 from 2550 users ◎豆瓣链接 https://movie.douban.com/subject/1951113/ ◎片 长 112分钟 ◎导 演 金伯莉·皮尔斯 ◎编 剧 金伯莉·皮尔斯 / Mark Richard ◎主 演 瑞恩·菲利普 / 约瑟夫·高登-莱维特 / 罗伯·布朗 / 查宁·塔图姆 / 维克多·罗塞克 / Quay Terry / Matthew Scott Wilcox / Connett Brewer / 蒂莫西·奥利芬特 / 约瑟夫·索默 / 琳达·伊蒙 / 塞伦·希德 / 麦米·古默 / 艾比·考尼什 / 阿里克斯·弗罗斯特 ◎简 介 备受期待的伊战影片《止损》由三位人气男星莱恩·菲利普、查宁·塔图姆、约瑟夫·高登·莱维特主演。 片名“stop-loss”（止损）原本是金融外汇领域常见的词语，大致指投资失误时设法把损失限定在较小范围内的一种行为。越战之后这个词被美国政府加以利用，“stop-loss procedure”（止损程序）是指军方在其认定的紧急情况下，强迫已经履行完毕服役期间的任务或者有条件退休的士兵延长服役时间的一种行为。根据一项估计，这一备受争议的政策使得大概有7000名原定可以回国的美军士兵被迫滞留在伊拉克。 片中由莱恩·菲利普饰演的布兰登·金中士带着回到了家乡小城并打算重建自己的生活，但是军方在止损程序下强行要求他立即回到伊拉克继续服役，不得已之下布兰登开始了亡命天涯的旅程，逃避一个他原本不惜生命去保护的国家的所谓“正义”。,
飞越苏联 蓝光高清MKV版/白色之夜 / 白夜逃亡 / 白夜 1985 White Nights 12.4G,飞越苏联/ 白色之夜 / 白夜逃亡 / 白夜,1985,1985-11-22,美国,英语 / 俄语,136分钟,泰勒·海克福德,Eric Hughes / 詹姆斯·高曼,米凯亚·巴瑞辛尼科夫 / 格里高利·海因斯 / 杰兹·斯科利莫夫斯基 / 海伦·米伦 / 杰拉丹·佩姬 / 伊莎贝拉·罗西里尼,剧情,8.0,6.7,https://www.imdb.com/title/tt0090319/,https://movie.douban.com/subject/1305213/,https://s44.playwoool.com/wp-content/uploads/2021/10/p2671286044.jpg,"该片是关于一个俄罗斯舞蹈艺术家的传奇故事，男主演、俄罗斯著名芭蕾舞演员巴希利科夫的舞蹈精彩得让人窒息，催人肝胆——那是一个聚光灯下的白夜，一样的无日无夜、无边无际、无始无终，一种精神病人眼中的灰，只有一个满台奔跑的旋转的影子是其中的亮点 。巴希利科夫抠眉凹眼，有着自然卷曲的金发，不高但结实的身材，他有一种天才式的激情和技能，以及超乎常人的快速旋转能力，无论腾空于任何位置，落地时都不会失去他的平衡……。影片中不仅可以看到巴希利科夫令人心动的表演，还可以看到伊莎贝拉·罗塞里尼这 位著名影星英格丽·褒曼之女的秀丽面庞。而由著名黑人歌星Lionel Richie演唱的影片插曲《Say you, Say me》，更是脍炙人口闻名于世，获得1985年第58届奥斯卡最佳电影歌曲奖。","第58届奥斯卡金像奖 (1986)
最佳原创歌曲 莱昂纳尔·里奇
最佳原创歌曲(提名) 史蒂芬·比肖普",
悬崖之上 蓝光高清MKV版/Impasse / Cliff Walkers 2021 悬崖之上 12.3G,Impasse / Cliff Walkers,2021,2021-04-30,中国大陆 / 中国香港,汉语普通话 / 英语 / 俄语,120分钟,张艺谋 / Yimou Zhang,全勇先 / Yongxian Quan,,剧情 / 动作 / 悬疑,7.6,7.0,https://www.imdb.com/title/tt11448076/,https://movie.douban.com/subject/32493124/,https://s44.playwoool.com/wp-content/uploads/2021/09/p2639249240.jpg,上世纪三十年代，四位曾在苏联接受特训的共产党特工组成任务小队，回国执行代号为“乌特拉”的秘密行动。由于叛徒的出卖，他们从跳伞降落的第一刻起， 就已置身于敌人布下的罗网之中。同志能否脱身，任务能否完成，雪一直下，立于“悬崖之上”的行动小组面临严峻考验。,"第15届亚洲电影大奖 (2021)
最佳男配角(提名) 余皑磊
最佳女配角(提名) 秦海璐
最佳摄影(提名)
最佳剪接(提名)
最佳原创音乐(提名)
最佳造型设计(提名)",
妈妈和七天的时间 WEB-DL版下载/小咸 / 妈妈 / Mama 2020 妈妈和七天的时间 7.7G,妈妈和七天的时间/小咸 / 妈妈 / Mama,2020,2020-09-09,中国大陆,汉语普通话,134分钟,李冬梅,李冬梅,,剧情,7.1,6.4,https://www.imdb.com/title/tt12768944/,https://movie.douban.com/subject/35153548/,https://s44.playwoool.com/wp-content/uploads/2021/09/p2616334448.jpg,这是一部纪念妈妈的电影。《妈妈和七天的时间》是一个讲述20世纪90年代在中国农村七天发生的故事。故事里记载了小咸，一个十二岁女孩对家庭和村庄的记忆。在这七天里，发生了三次死亡和两次出生。,"第77届威尼斯电影节 (2020)
欧洲电影联盟奖 威尼斯日最佳影片(提名) 李冬梅
第45届香港国际电影节 (2021)
新秀电影竞赛 火鸟电影大奖(华语)(提名) 李冬梅
第4届平遥国际电影展 (2020)
费穆荣誉最佳影片 李冬梅
藏龙单元最受欢迎影片(提名) 李冬梅",
致命诱惑 4K蓝光原盘下载+高清MKV版/孽缘(港) / 致命的吸引力(台 ) / 致命的诱惑 / Affairs of the Heart 1987 Fatal Attraction 59.9G,致命诱惑 /孽缘(港) / 致命的吸引力(台 ) / 致命的诱惑 / Affairs of the Heart,1987,1987-09-18,美国,英语,119 分钟,阿德里安·莱恩,詹姆斯·迪尔登,,剧情 / 惊悚,7.0,6.9,https://www.imdb.com/title/tt0093010/,https://movie.douban.com/subject/1294587/,https://s44.playwoool.com/wp-content/uploads/2021/08/p1183676733.jpg,丹（迈克尔·道格拉斯 Michael Douglas 饰）拥有着人人羡慕的幸福家庭，他和妻子贝丝（安妮·阿彻 Anne Archer 饰）之间的感情稳固而又长久，女儿艾伦（Ellen Hamilton Latzen 饰）更是机灵可爱。一次偶然中，不只是鬼迷心窍还是怎地， 丹竟然和一个名叫艾利克斯（格伦·克洛斯 Glenn Close 饰）的女人有了一段露水情缘，回家后面对妻儿，丹的内心充满了愧疚，他暗暗发誓，绝不让背叛再度发生。 可惜艾利克斯并不同意但的看法，表面上，她是一个成熟稳重的知性派，可骨子里，艾利克斯却拥有着超越常人的偏执和固执，为了满足自己的私欲，她不断的骚扰着丹及其家庭，很快，这种骚扰变升级成为了犯罪。面对来势汹汹的艾利克斯，丹会选择怎样的对策来保护他的家庭呢？,"第60届奥斯卡金像奖 (1988)
最佳影片(提名) 雪莉·兰辛 / 斯坦利·R·贾菲
最佳导演(提名) 阿德里安·莱恩
最佳女主角(提名) 格伦·克洛斯
最佳女配角(提名) 安妮·阿彻
最佳改编剧本(提名) 詹姆斯·迪尔登
最佳剪辑(提名) 迈克尔·卡恩 / 彼得·E·伯格
第12届日本电影学院奖 (1989)
最佳外语片(提名)",
麦田守望的女孩 蓝光高清MKV版/好女孩 / 麦田守望者 2002 The Good Girl 8.4G,麦田守望的女孩/ 好女孩 / 麦田守望者,2002,2002-08-25,美国 / 德国 / 荷兰,英语,93分钟,米盖尔·阿尔特塔,麦克·怀特,詹妮弗·安妮斯顿 / 黛伯拉·拉什 / 麦克·怀特 / 约翰·卡洛·林奇 / 杰克·吉伦哈尔 / 佐伊·丹斯切尔 / 约翰·C·赖利 / 蒂姆·布雷克·尼尔森 / 杰奎·巴恩布鲁克 / Annie O'Donnell / 约翰·多伊 / 罗珊妮·哈特 / Jon Shere / Alice Amter / Jean Rhodes,剧情 / 喜剧 / 爱情,7.0,6.4,https://www.imdb.com/title/tt0279113/,https://movie.douban.com/subject/1397184/,https://s44.playwoool.com/wp-content/uploads/2021/08/p2627277571.jpg,贾斯汀（詹妮弗·安妮斯顿 Jennifer Aniston 饰）和菲尔（约翰·C·赖利 John C. Reilly 饰）是一对结婚多年的夫妻，两人的感情早已名存实亡，菲尔沉迷于毒品和酒精之中，整天和损友布达（蒂姆·布雷克·尼尔森 Tim Blake Nelson 饰）厮混在一起。毒品的副作用让菲尔患上了不育症，贾斯汀想要成为一个母亲的愿望被无情的剥夺了。 一个名叫霍尔顿（杰克·吉伦哈尔 Jake Gyllenhaal 饰）的年轻男孩的出现吸引了贾斯汀的注意，霍尔顿特立独行的生活方式让贾斯汀深深的为其着迷，随着时间的推移，他们之间的关系终于超越了单纯的友谊。布达发现了贾斯汀和霍尔顿之间的私情，于是开始了对于贾斯汀的漫长的敲诈，更糟的是，在此节骨眼上，贾斯汀发现自己有喜了。 标签：剧情 喜剧 爱情 -本片字幕下载请点这里- 全部磁力链 4K 蓝光原盘 蓝光高清 WEB-DL 字 幕 [无损音乐1T] [美剧蓝光32T] [观影APP] [115网盘优惠充值] 720P 4.95GB The.Good.Girl.2002.720p.BluRay.x264-SURCODE 1080P 1.77GB The.Good.Girl.2002.1080p.BluRay.H264.AAC-RARBG 720P 1.12GB The.Good.Girl.2002.720p.BluRay.H264.AAC-RARBG 1080P 8.39GB The.Good.Girl.2002.1080p.BluRay.x264-SURCODE HDTV/HDRip/DVDRip 6.91GB The.Good.Girl.2002.1080p.HDTV.x264-REGRET 字 幕 https://www.samfunny.com/download/index.php?id=1397184 Copyright ©2021 音范丝|影音集 内容均采集自互联网，若侵犯您的权益请联系fanyun866#gmail.com，我们将尽快处理。 高清常识 常见问题 蓝光播放工具 点点字幕 布雷克影院 币圈中文攻略 银河碟屋 登录,,
永无止境 / 药命效应(台) / 逆天潜能(港) 2011 [蓝光原盘 DIY简繁中字] 42.9G,永无止境 / 药命效应(台) / 逆天潜能(港) 2011 [蓝光原盘 DIY简繁中字] 42.9G,2011,"蓝光原盘下载：永无止境、2011 Blu-ray 1080p AVC DTS-HD MA 5.1-CHDBits 42.9G 高清MKV磁力链：[永无止境]Limitless.UNRATED.2011.BluRay.720p.x264.AC3[中英字幕/2.05G] 【影片原名】Limitless 【中文译名】永无止境/黑暗领域/逆天潜能(港)/药命效应(台) 【出品公司】Relativity Media 【出品年代】2011 年 【日期】2011年3月18日 美国 【影片级别】Ireland:15A | USA:PG-13 (certificate #46696) | Canada:14A (Ontario) | Australia:M | Philippines:R-13 (MTRCB) 【官方网站】http://www.iamrogue.com/limitless/ 【IMDB链接】http://www.imdb.com/title/tt1219289/ 【IMDB评分】7.3/10 (38,906 votes) 【国 家】美国 【类 别】悬疑/科幻/惊悚 【导 演】尼尔·博格 Neil Burger 【主 演】布莱德利·库珀 Bradley Cooper ….Eddie Morra 艾比·考尼什 Abbie Cornish ….Lindy 罗伯特·德尼罗 Robert De Niro ….Carl Van Loon 安德鲁·霍华德 Andrew Howard ….Gennady 安娜·弗莱尔 Anna Friel ….Melissa 约翰尼·威特沃斯 Johnny Whitworth ….Vernon Tomas Arana ….Man in Tan Coat 罗伯特·约翰·伯克 Robert John Burke ….Pierce Darren Goldstein ….Kevin Doyle Ned Eisenberg ….Morris Brandt T.V. Carpio ….Valerie Richard Bekins ….Hank Atwood 帕特丽夏·考莱姆伯 Patricia Kalember ….Mrs. Atwood Cindy Katz ….Marla Sutton Brian Anthony Wilson ….Detective (as Brian A. Wilson) 【内容简介】 艾迪·莫莱是一个丢掉了工作的潦倒作家,没有工作、没有收入。甚至连他的女朋友林迪也果断地离开了他。在穷困、潦倒和无所事事中,艾迪对生活失望了,他觉得自己不可能会有什么未来。就在这个时候,他的朋友向他介绍了一种正处在试验阶段的药物–NZT。 NZT是一种头脑药物,吃下去之后可以让大脑中处于休眠状态的脑细胞变得活跃。艾迪在无聊之中吃掉了这颗看上去很不起眼的小药丸,结果他变成了一个头脑超人。艾迪一洗之前的颓废和低迷,变得炯炯有神且充满自信。在NZT的帮助下,艾迪的脑子就像是吃了伟哥一样坚挺。他能记住与之相关的所有的事情–那些他看到的、读到的或者是听到的事情都深刻地印在了他的脑子里。有了这么好的一个脑子,艾迪开始在股市和金融市场上小试身手。没想到出师就捷,艾迪捞到了一大笔钱。他的杰出的赚钱能力,引起了金融大鳄卡尔·范·罗恩的注意,他把艾迪招致麾下,将其视作自己新的“经济增长点”。 艾迪抢眼的成功当然也给他带来了不小的麻烦。几个杀手陆陆续续找上门来,希望能从他的手中搞到NZT。但是NZT的副作用这个时候却渐渐显露了出来,它让艾迪的脑子非常混乱,身体不适、情绪失控、精神分裂等等副作用一并发生。艾迪能克服这些困难,走出低谷并逃脱杀手们的追杀么? 一句话评论 一部叙事流畅的黑色喜剧,尊重观众的智商。 ——《芝加哥论坛报》 一部奇特而有趣的惊悚片。 ——《娱乐周刊》 非常有趣,冒险段落也很吸引人,主流的娱乐佳片。 ——《电影评论》 节奏有条不紊,悬疑设置较佳。 ——《今日美国》 布莱德利·库珀的演出让人印象深刻,他需要更多这样的作品来证明自己。 ——《纽约时报》 幕后制作 布莱德利·库珀首次独挑大梁 男星布莱德利·库珀在电视圈、电影圈和话剧舞台上已经混迹了多年,但是鲜有太多的成就。徒有一张帅哥面孔的他并没有获得料想中的成功。不过2009年的那部《宿醉》成了他的“翻身仗”。这部票房黑马片中让更多的人注意到了库珀。接着,库珀出演了2010年火爆的动作大片《天龙特攻队》,表现抢眼的他开始跻身于一线影星的行列。2011年,这部即将的《永无止境》将成为布莱德利·库珀的演艺生涯中的一部极其重要的影片,因为在这部电影里,库珀将首次独挑大梁。 对于这个角色,布莱德利将其描述为“我所扮演的最重要的角色”。他说:“我一直都在喜剧片里演出,能主演一部非喜剧类的作品对我来说非常重要,也是我长久以来的愿望。现在,艾迪这个角色给了我这么一个机会,我非常兴奋。这是我从影以来所扮演过的最重要的角色。在影片里,艾迪一开始是一个失败者,后来吃了一种药,就变成了一个成功人士。可是他的成功在一方面成就了他,另一方面又把他拉入了人生的黑暗面。我觉得这是一个与众不同的角色,而且也非常有意思。从剧情来说,这部电影要求我要能表现出一个人从失败到成功的转变,所以导演要求我在外形上有变化。一开始,我有胡子、邋里邋遢的,后来我变得神采奕奕、精神焕发。可是随着药物副作用的来临,我又将变得不可理喻。其次,影片中还有很多追逐和动作的场面,这要求我要展示出一个动作明星的水平。这个并不算太难,因为在那部《天龙特攻队》中,我已经有了这方面的训练。最难的部分,可能还是来自于心理上的挑战,因为这毕竟是我第一次一个人担纲主演,我可不想把事情搞砸了。” 对于布莱德利的表演,导演尼尔·博格给予的评价是很棒。尼尔·博格说:“布莱德利·库珀是一个很敬业的演员,一些难度很高的镜头他都坚持自己完成。他把自己的工作完成得很棒。当然,德尼罗已经是一个传奇了,他的表演简直无懈可击。” 融合商业性和艺术性 如果一个人猛然间成为了天才或者拥有了超能力,怎么办?讲述类似“困境”题材的影片不并少见,但那些影片往往都陷入到了对人性和生活的探讨中,比如那部感动了无数人的《献给阿尔吉侬的花束》就是这么一部比较严肃的正剧。即使《永无止境》是一部标准的商业电影,但是在原著小说作者的眼里,他的这部原名为《黑暗域》的小说探讨的也是生命和生活的落差,虽然其中有些商业噱头,可是作者阿兰·格里恩却认为自己的小说讲述的是“一个人的困境”。 阿兰·格里恩说:“这部小说写的是一个人在经历了变化之后的生活和生命的轨迹。我并不觉得这是一部商业噱头很大的小说,虽然在小说中有一些诸如追杀、金融等等商业性的噱头和元素。但是总体说来,这个小说的主旨还是关于讲述一个人是如何面对并摆脱自己的困境的。”虽然作者持有这种观点,但是到了编剧莱斯利·迪克逊的手里,这部小说转变成了一部惊悚电影。迪克逊表示说:“这个小说非常有看点,首先是一个人要如何正确使用自己的大脑,其次是该如何平衡挣钱和道德,最后是如何才能摆脱追杀。这些元素都非常有看头,几乎每一个都能独立出来拍摄一部电影。如果要把这些元素都杂糅在一部电影里,那么只能提高电影的节奏、加快电影的速率、把它改写成一部惊悚、悬疑片。” 对于曾经编写出了《窈窕奶爸》这种剧本的莱斯利·迪克逊来说,编写一部惊悚片的剧本并不困难。而且,他的剧本更是得到了尼尔·博格的赞扬。尼尔·博格说:“迪克逊的剧本非常出色,情节紧凑、节奏张弛有度,而且他还在剧本里恰到好处地融合了商业和艺术性。在这之前我担心的剧本会有明显的割裂的痕迹并没有出现,因为小说中,艾迪有着明显的三个转变的阶段。如果剧本也是这样的话,最终拍出来的电影就会惨不忍睹。不过迪克逊用自己的能力把这部小说变成了一部彻底的惊悚片。我个人很喜欢这个剧本。” 花絮 ·影片改编自阿兰·格里恩出版于2001年的小说《黑暗领域》(The Dark Fields) ·本篇原计划由希亚·拉博夫担任主演,但他却遭遇了一场车祸,手臂严重受伤。后来,剧组找来了布莱德利·库珀担纲主演。 ·由于导演尼尔·博格对影片的结局不甚满意,所以在2011年1月份,他召回了所有主演,为影片重新拍摄了一个结局。 ·曾经有传闻说,伊丽莎白·班克斯将在影片中饰演一个角色,但后未成行。 引用 DISC INFO: Disc Title: Limitless.2011.Blu-ray.1080p.AVC.DTS-HD MA 5.1 Disc Size: 46,067,961,579 bytes Protection: AACS BD-Java: Yes PLAYLIST REPORT: Name: 00002.MPLS Length: 1:45:33 (h:m:s) VIDEO: Codec Bitrate Description MPEG-4 AVC Video 0 kbps 1080p / 23.976 fps / 16:9 / High Profile 4.1 AUDIO: Codec Language Bitrate Description DTS-HD Master Audio English 0 kbps 5.1 / 48 kHz / 24-bit (DTS Core: 5.1 / 48 kHz / 1509 kbps / 24-bit) Dolby Digital Audio French 640 kbps 5.1 / 48 kHz / 640 kbps / DN -4dB Dolby Digital Audio English 192 kbps 2.0 / 48 kHz / 192 kbps / DN -4dB SUBTITLES: Codec Language Bitrate Description Presentation Graphics English 0.000 kbps Presentation Graphics Chinese 0.000 kbps Presentation Graphics Chinese 0.000 kbps Presentation Graphics French 0.000 kbps 引用 郑重声明： 本站提供的所有影视作品均是在网上搜集任何涉及商业盈利目的均不得使用， 否则产生的一切后果将由您自己承担！本站将不对本站的任何内容负任何法律责任！ 该下载内容仅做宽带测试使用，请在下载后24小时内删除。请购买正版！",,"蓝光原盘下载：永无止境、2011 Blu-ray 1080p AVC DTS-HD MA 5.1-CHDBits 42.9G 高清MKV磁力链：[永无止境]Limitless.UNRATED.2011.BluRay.720p.x264.AC3[中英字幕/2.05G] 【影片原名】Limitless 【中文译名】永无止境/黑暗领域/逆天潜能(港)/药命效应(台) 【出品公司】Relativity Media 【出品年代】2011 年 【上映日期】2011年3月18日 美国 【影片级别】Ireland:15A | USA:PG-13 (certificate #46696) | Canada:14A (Ontario) | Australia:M | Philippines:R-13 (MTRCB) 【官方网站】http://www.iamrogue.com/limitless/ 【IMDB链接】http://www.imdb.com/title/tt1219289/ 【IMDB评分】7.3/10 (38,906 votes) 【国 家】美国 【类 别】悬疑/科幻/惊悚 【导 演】尼尔·博格 Neil Burger 【主 演】布莱德利·库珀 Bradley Cooper ….Eddie Morra 艾比·考尼什 Abbie Cornish ….Lindy 罗伯特·德尼罗 Robert De Niro ….Carl Van Loon 安德鲁·霍华德 Andrew Howard ….Gennady 安娜·弗莱尔 Anna Friel ….Melissa 约翰尼·威特沃斯 Johnny Whitworth ….Vernon Tomas Arana ….Man in Tan Coat 罗伯特·约翰·伯克 Robert John Burke ….Pierce Darren Goldstein ….Kevin Doyle Ned Eisenberg ….Morris Brandt T.V. Carpio ….Valerie Richard Bekins ….Hank Atwood 帕特丽夏·考莱姆伯 Patricia Kalember ….Mrs. Atwood Cindy Katz ….Marla Sutton Brian Anthony Wilson ….Detective (as Brian A. Wilson) 【内容简介】 艾迪·莫莱是一个丢掉了工作的潦倒作家,没有工作、没有收入。甚至连他的女朋友林迪也果断地离开了他。在穷困、潦倒和无所事事中,艾迪对生活失望了,他觉得自己不可能会有什么未来。就在这个时候,他的朋友向他介绍了一种正处在试验阶段的药物–NZT。 NZT是一种头脑药物,吃下去之后可以让大脑中处于休眠状态的脑细胞变得活跃。艾迪在无聊之中吃掉了这颗看上去很不起眼的小药丸,结果他变成了一个头脑超人。艾迪一洗之前的颓废和低迷,变得炯炯有神且充满自信。在NZT的帮助下,艾迪的脑子就像是吃了伟哥一样坚挺。他能记住与之相关的所有的事情–那些他看到的、读到的或者是听到的事情都深刻地印在了他的脑子里。有了这么好的一个脑子,艾迪开始在股市和金融市场上小试身手。没想到出师就捷,艾迪捞到了一大笔钱。他的杰出的赚钱能力,引起了金融大鳄卡尔·范·罗恩的注意,他把艾迪招致麾下,将其视作自己新的“经济增长点”。 艾迪抢眼的成功当然也给他带来了不小的麻烦。几个杀手陆陆续续找上门来,希望能从他的手中搞到NZT。但是NZT的副作用这个时候却渐渐显露了出来,它让艾迪的脑子非常混乱,身体不适、情绪失控、精神分裂等等副作用一并发生。艾迪能克服这些困难,走出低谷并逃脱杀手们的追杀么? 一句话评论 一部叙事流畅的黑色喜剧,尊重观众的智商。 ——《芝加哥论坛报》 一部奇特而有趣的惊悚片。 ——《娱乐周刊》 非常有趣,冒险段落也很吸引人,主流的娱乐佳片。 ——《电影评论》 节奏有条不紊,悬疑设置较佳。 ——《今日美国》 布莱德利·库珀的演出让人印象深刻,他需要更多这样的作品来证明自己。 ——《纽约时报》 幕后制作 布莱德利·库珀首次独挑大梁 男星布莱德利·库珀在电视圈、电影圈和话剧舞台上已经混迹了多年,但是鲜有太多的成就。徒有一张帅哥面孔的他并没有获得料想中的成功。不过2009年的那部《宿醉》成了他的“翻身仗”。这部票房黑马片中让更多的人注意到了库珀。接着,库珀出演了2010年火爆的动作大片《天龙特攻队》,表现抢眼的他开始跻身于一线影星的行列。2011年,这部即将上映的《永无止境》将成为布莱德利·库珀的演艺生涯中的一部极其重要的影片,因为在这部电影里,库珀将首次独挑大梁。 对于这个角色,布莱德利将其描述为“我所扮演的最重要的角色”。他说:“我一直都在喜剧片里演出,能主演一部非喜剧类的作品对我来说非常重要,也是我长久以来的愿望。现在,艾迪这个角色给了我这么一个机会,我非常兴奋。这是我从影以来所扮演过的最重要的角色。在影片里,艾迪一开始是一个失败者,后来吃了一种药,就变成了一个成功人士。可是他的成功在一方面成就了他,另一方面又把他拉入了人生的黑暗面。我觉得这是一个与众不同的角色,而且也非常有意思。从剧情来说,这部电影要求我要能表现出一个人从失败到成功的转变,所以导演要求我在外形上有变化。一开始,我有胡子、邋里邋遢的,后来我变得神采奕奕、精神焕发。可是随着药物副作用的来临,我又将变得不可理喻。其次,影片中还有很多追逐和动作的场面,这要求我要展示出一个动作明星的水平。这个并不算太难,因为在那部《天龙特攻队》中,我已经有了这方面的训练。最难的部分,可能还是来自于心理上的挑战,因为这毕竟是我第一次一个人担纲主演,我可不想把事情搞砸了。” 对于布莱德利的表演,导演尼尔·博格给予的评价是很棒。尼尔·博格说:“布莱德利·库珀是一个很敬业的演员,一些难度很高的镜头他都坚持自己完成。他把自己的工作完成得很棒。当然,德尼罗已经是一个传奇了,他的表演简直无懈可击。” 融合商业性和艺术性 如果一个人猛然间成为了天才或者拥有了超能力,怎么办?讲述类似“困境”题材的影片不并少见,但那些影片往往都陷入到了对人性和生活的探讨中,比如那部感动了无数人的《献给阿尔吉侬的花束》就是这么一部比较严肃的正剧。即使《永无止境》是一部标准的商业电影,但是在原著小说作者的眼里,他的这部原名为《黑暗域》的小说探讨的也是生命和生活的落差,虽然其中有些商业噱头,可是作者阿兰·格里恩却认为自己的小说讲述的是“一个人的困境”。 阿兰·格里恩说:“这部小说写的是一个人在经历了变化之后的生活和生命的轨迹。我并不觉得这是一部商业噱头很大的小说,虽然在小说中有一些诸如追杀、金融等等商业性的噱头和元素。但是总体说来,这个小说的主旨还是关于讲述一个人是如何面对并摆脱自己的困境的。”虽然作者持有这种观点,但是到了编剧莱斯利·迪克逊的手里,这部小说转变成了一部惊悚电影。迪克逊表示说:“这个小说非常有看点,首先是一个人要如何正确使用自己的大脑,其次是该如何平衡挣钱和道德,最后是如何才能摆脱追杀。这些元素都非常有看头,几乎每一个都能独立出来拍摄一部电影。如果要把这些元素都杂糅在一部电影里,那么只能提高电影的节奏、加快电影的速率、把它改写成一部惊悚、悬疑片。” 对于曾经编写出了《窈窕奶爸》这种剧本的莱斯利·迪克逊来说,编写一部惊悚片的剧本并不困难。而且,他的剧本更是得到了尼尔·博格的赞扬。尼尔·博格说:“迪克逊的剧本非常出色,情节紧凑、节奏张弛有度,而且他还在剧本里恰到好处地融合了商业和艺术性。在这之前我担心的剧本会有明显的割裂的痕迹并没有出现,因为小说中,艾迪有着明显的三个转变的阶段。如果剧本也是这样的话,最终拍出来的电影就会惨不忍睹。不过迪克逊用自己的能力把这部小说变成了一部彻底的惊悚片。我个人很喜欢这个剧本。” 花絮 ·影片改编自阿兰·格里恩出版于2001年的小说《黑暗领域》(The Dark Fields) ·本篇原计划由希亚·拉博夫担任主演,但他却遭遇了一场车祸,手臂严重受伤。后来,剧组找来了布莱德利·库珀担纲主演。 ·由于导演尼尔·博格对影片的结局不甚满意,所以在2011年1月份,他召回了所有主演,为影片重新拍摄了一个结局。 ·曾经有传闻说,伊丽莎白·班克斯将在影片中饰演一个角色,但后未成行。 引用 DISC INFO: Disc Title: Limitless.2011.Blu-ray.1080p.AVC.DTS-HD MA 5.1 Disc Size: 46,067,961,579 bytes Protection: AACS BD-Java: Yes PLAYLIST REPORT: Name: 00002.MPLS Length: 1:45:33 (h:m:s) VIDEO: Codec Bitrate Description MPEG-4 AVC Video 0 kbps 1080p / 23.976 fps / 16:9 / High Profile 4.1 AUDIO: Codec Bitrate Description DTS-HD Master Audio English 0 kbps 5.1 / 48 kHz / 24-bit (DTS Core: 5.1 / 48 kHz / 1509 kbps / 24-bit) Dolby Digital Audio French 640 kbps 5.1 / 48 kHz / 640 kbps / DN -4dB Dolby Digital Audio English 192 kbps 2.0 / 48 kHz / 192 kbps / DN -4dB SUBTITLES: Codec Bitrate Description Presentation Graphics English 0.000 kbps Presentation Graphics Chinese 0.000 kbps Presentation Graphics Chinese 0.000 kbps Presentation Graphics French 0.000 kbps 引用 郑重声明： 本站提供的所有影视作品均是在网上搜集任何涉及商业盈利目的均不得使用， 否则产生的一切后果将由您自己承担！本站将不对本站的任何内容负任何法律责任！ 该下载内容仅做宽带测试使用，请在下载后24小时内删除。请购买正版！","蓝光原盘下载：永无止境、2011 Blu-ray 1080p AVC DTS-HD MA 5.1-CHDBits 42.9G 高清MKV磁力链：[永无止境]Limitless.UNRATED.2011.BluRay.720p.x264.AC3[中英字幕/2.05G] 【影片原名】Limitless 【中文译名】永无止境/黑暗领域/逆天潜能(港)/药命效应(台) 【出品公司】Relativity Media 【出品年代】2011 年 【上映日期】2011年3月18日 美国 【影片级别】Ireland:15A | USA:PG-13 (certificate #46696) | Canada:14A (Ontario) | Australia:M | Philippines:R-13 (MTRCB) 【官方网站】http://www.iamrogue.com/limitless/ 【IMDB链接】http://www.imdb.com/title/tt1219289/ 【IMDB评分】7.3/10 (38,906 votes) 【国 家】美国 【类 别】悬疑/科幻/惊悚 【导 演】尼尔·博格 Neil Burger 【主 演】布莱德利·库珀 Bradley Cooper ….Eddie Morra 艾比·考尼什 Abbie Cornish ….Lindy 罗伯特·德尼罗 Robert De Niro ….Carl Van Loon 安德鲁·霍华德 Andrew Howard ….Gennady 安娜·弗莱尔 Anna Friel ….Melissa 约翰尼·威特沃斯 Johnny Whitworth ….Vernon Tomas Arana ….Man in Tan Coat 罗伯特·约翰·伯克 Robert John Burke ….Pierce Darren Goldstein ….Kevin Doyle Ned Eisenberg ….Morris Brandt T.V. Carpio ….Valerie Richard Bekins ….Hank Atwood 帕特丽夏·考莱姆伯 Patricia Kalember ….Mrs. Atwood Cindy Katz ….Marla Sutton Brian Anthony Wilson ….Detective (as Brian A. Wilson) 【内容简介】 艾迪·莫莱是一个丢掉了工作的潦倒作家,没有工作、没有收入。甚至连他的女朋友林迪也果断地离开了他。在穷困、潦倒和无所事事中,艾迪对生活失望了,他觉得自己不可能会有什么未来。就在这个时候,他的朋友向他介绍了一种正处在试验阶段的药物–NZT。 NZT是一种头脑药物,吃下去之后可以让大脑中处于休眠状态的脑细胞变得活跃。艾迪在无聊之中吃掉了这颗看上去很不起眼的小药丸,结果他变成了一个头脑超人。艾迪一洗之前的颓废和低迷,变得炯炯有神且充满自信。在NZT的帮助下,艾迪的脑子就像是吃了伟哥一样坚挺。他能记住与之相关的所有的事情–那些他看到的、读到的或者是听到的事情都深刻地印在了他的脑子里。有了这么好的一个脑子,艾迪开始在股市和金融市场上小试身手。没想到出师就捷,艾迪捞到了一大笔钱。他的杰出的赚钱能力,引起了金融大鳄卡尔·范·罗恩的注意,他把艾迪招致麾下,将其视作自己新的“经济增长点”。 艾迪抢眼的成功当然也给他带来了不小的麻烦。几个杀手陆陆续续找上门来,希望能从他的手中搞到NZT。但是NZT的副作用这个时候却渐渐显露了出来,它让艾迪的脑子非常混乱,身体不适、情绪失控、精神分裂等等副作用一并发生。艾迪能克服这些困难,走出低谷并逃脱杀手们的追杀么? 一句话评论 一部叙事流畅的黑色喜剧,尊重观众的智商。 ——《芝加哥论坛报》 一部奇特而有趣的惊悚片。 ——《娱乐周刊》 非常有趣,冒险段落也很吸引人,主流的娱乐佳片。 ——《电影评论》 节奏有条不紊,悬疑设置较佳。 ——《今日美国》 布莱德利·库珀的演出让人印象深刻,他需要更多这样的作品来证明自己。 ——《纽约时报》 幕后制作 布莱德利·库珀首次独挑大梁 男星布莱德利·库珀在电视圈、电影圈和话剧舞台上已经混迹了多年,但是鲜有太多的成就。徒有一张帅哥面孔的他并没有获得料想中的成功。不过2009年的那部《宿醉》成了他的“翻身仗”。这部票房黑马片中让更多的人注意到了库珀。接着,库珀出演了2010年火爆的动作大片《天龙特攻队》,表现抢眼的他开始跻身于一线影星的行列。2011年,这部即将上映的《永无止境》将成为布莱德利·库珀的演艺生涯中的一部极其重要的影片,因为在这部电影里,库珀将首次独挑大梁。 对于这个角色,布莱德利将其描述为“我所扮演的最重要的角色”。他说:“我一直都在喜剧片里演出,能主演一部非喜剧类的作品对我来说非常重要,也是我长久以来的愿望。现在,艾迪这个角色给了我这么一个机会,我非常兴奋。这是我从影以来所扮演过的最重要的角色。在影片里,艾迪一开始是一个失败者,后来吃了一种药,就变成了一个成功人士。可是他的成功在一方面成就了他,另一方面又把他拉入了人生的黑暗面。我觉得这是一个与众不同的角色,而且也非常有意思。从剧情来说,这部电影要求我要能表现出一个人从失败到成功的转变,所以导演要求我在外形上有变化。一开始,我有胡子、邋里邋遢的,后来我变得神采奕奕、精神焕发。可是随着药物副作用的来临,我又将变得不可理喻。其次,影片中还有很多追逐和动作的场面,这要求我要展示出一个动作明星的水平。这个并不算太难,因为在那部《天龙特攻队》中,我已经有了这方面的训练。最难的部分,可能还是来自于心理上的挑战,因为这毕竟是我第一次一个人担纲主演,我可不想把事情搞砸了。” 对于布莱德利的表演,导演尼尔·博格给予的评价是很棒。尼尔·博格说:“布莱德利·库珀是一个很敬业的演员,一些难度很高的镜头他都坚持自己完成。他把自己的工作完成得很棒。当然,德尼罗已经是一个传奇了,他的表演简直无懈可击。” 融合商业性和艺术性 如果一个人猛然间成为了天才或者拥有了超能力,怎么办?讲述类似“困境”题材的影片不并少见,但那些影片往往都陷入到了对人性和生活的探讨中,比如那部感动了无数人的《献给阿尔吉侬的花束》就是这么一部比较严肃的正剧。即使《永无止境》是一部标准的商业电影,但是在原著小说作者的眼里,他的这部原名为《黑暗域》的小说探讨的也是生命和生活的落差,虽然其中有些商业噱头,可是作者阿兰·格里恩却认为自己的小说讲述的是“一个人的困境”。 阿兰·格里恩说:“这部小说写的是一个人在经历了变化之后的生活和生命的轨迹。我并不觉得这是一部商业噱头很大的小说,虽然在小说中有一些诸如追杀、金融等等商业性的噱头和元素。但是总体说来,这个小说的主旨还是关于讲述一个人是如何面对并摆脱自己的困境的。”虽然作者持有这种观点,但是到了编剧莱斯利·迪克逊的手里,这部小说转变成了一部惊悚电影。迪克逊表示说:“这个小说非常有看点,首先是一个人要如何正确使用自己的大脑,其次是该如何平衡挣钱和道德,最后是如何才能摆脱追杀。这些元素都非常有看头,几乎每一个都能独立出来拍摄一部电影。如果要把这些元素都杂糅在一部电影里,那么只能提高电影的节奏、加快电影的速率、把它改写成一部惊悚、悬疑片。” 对于曾经编写出了《窈窕奶爸》这种剧本的莱斯利·迪克逊来说,编写一部惊悚片的剧本并不困难。而且,他的剧本更是得到了尼尔·博格的赞扬。尼尔·博格说:“迪克逊的剧本非常出色,情节紧凑、节奏张弛有度,而且他还在剧本里恰到好处地融合了商业和艺术性。在这之前我担心的剧本会有明显的割裂的痕迹并没有出现,因为小说中,艾迪有着明显的三个转变的阶段。如果剧本也是这样的话,最终拍出来的电影就会惨不忍睹。不过迪克逊用自己的能力把这部小说变成了一部彻底的惊悚片。我个人很喜欢这个剧本。” 花絮 ·影片改编自阿兰·格里恩出版于2001年的小说《黑暗领域》(The Dark Fields) ·本篇原计划由希亚·拉博夫担任主演,但他却遭遇了一场车祸,手臂严重受伤。后来,剧组找来了布莱德利·库珀担纲主演。 ·由于导演尼尔·博格对影片的结局不甚满意,所以在2011年1月份,他召回了所有主演,为影片重新拍摄了一个结局。 ·曾经有传闻说,伊丽莎白·班克斯将在影片中饰演一个角色,但后未成行。 引用 DISC INFO: Disc Title: Limitless.2011.Blu-ray.1080p.AVC.DTS-HD MA 5.1 Disc Size: 46,067,961,579 bytes Protection: AACS BD-Java: Yes PLAYLIST REPORT: Name: 00002.MPLS 1:45:33 (h:m:s) VIDEO: Codec Bitrate Description MPEG-4 AVC Video 0 kbps 1080p / 23.976 fps / 16:9 / High Profile 4.1 AUDIO: Codec Language Bitrate Description DTS-HD Master Audio English 0 kbps 5.1 / 48 kHz / 24-bit (DTS Core: 5.1 / 48 kHz / 1509 kbps / 24-bit) Dolby Digital Audio French 640 kbps 5.1 / 48 kHz / 640 kbps / DN -4dB Dolby Digital Audio English 192 kbps 2.0 / 48 kHz / 192 kbps / DN -4dB SUBTITLES: Codec Language Bitrate Description Presentation Graphics English 0.000 kbps Presentation Graphics Chinese 0.000 kbps Presentation Graphics Chinese 0.000 kbps Presentation Graphics French 0.000 kbps 引用 郑重声明： 本站提供的所有影视作品均是在网上搜集任何涉及商业盈利目的均不得使用， 否则产生的一切后果将由您自己承担！本站将不对本站的任何内容负任何法律责任！ 该下载内容仅做宽带测试使用，请在下载后24小时内删除。请购买正版！","蓝光原盘下载：永无止境、2011 Blu-ray 1080p AVC DTS-HD MA 5.1-CHDBits 42.9G 高清MKV磁力链：[永无止境]Limitless.UNRATED.2011.BluRay.720p.x264.AC3[中英字幕/2.05G] 【影片原名】Limitless 【中文译名】永无止境/黑暗领域/逆天潜能(港)/药命效应(台) 【出品公司】Relativity Media 【出品年代】2011 年 【上映日期】2011年3月18日 美国 【影片级别】Ireland:15A | USA:PG-13 (certificate #46696) | Canada:14A (Ontario) | Australia:M | Philippines:R-13 (MTRCB) 【官方网站】http://www.iamrogue.com/limitless/ 【IMDB链接】http://www.imdb.com/title/tt1219289/ 【IMDB评分】7.3/10 (38,906 votes) 【国 家】美国 【类 别】悬疑/科幻/惊悚 【导 演】尼尔·博格 Neil Burger 【主 演】布莱德利·库珀 Bradley Cooper ….Eddie Morra 艾比·考尼什 Abbie Cornish ….Lindy 罗伯特·德尼罗 Robert De Niro ….Carl Van Loon 安德鲁·霍华德 Andrew Howard ….Gennady 安娜·弗莱尔 Anna Friel ….Melissa 约翰尼·威特沃斯 Johnny Whitworth ….Vernon Tomas Arana ….Man in Tan Coat 罗伯特·约翰·伯克 Robert John Burke ….Pierce Darren Goldstein ….Kevin Doyle Ned Eisenberg ….Morris Brandt T.V. Carpio ….Valerie Richard Bekins ….Hank Atwood 帕特丽夏·考莱姆伯 Patricia Kalember ….Mrs. Atwood Cindy Katz ….Marla Sutton Brian Anthony Wilson ….Detective (as Brian A. Wilson) 【内容简介】 艾迪·莫莱是一个丢掉了工作的潦倒作家,没有工作、没有收入。甚至连他的女朋友林迪也果断地离开了他。在穷困、潦倒和无所事事中,艾迪对生活失望了,他觉得自己不可能会有什么未来。就在这个时候,他的朋友向他介绍了一种正处在试验阶段的药物–NZT。 NZT是一种头脑药物,吃下去之后可以让大脑中处于休眠状态的脑细胞变得活跃。艾迪在无聊之中吃掉了这颗看上去很不起眼的小药丸,结果他变成了一个头脑超人。艾迪一洗之前的颓废和低迷,变得炯炯有神且充满自信。在NZT的帮助下,艾迪的脑子就像是吃了伟哥一样坚挺。他能记住与之相关的所有的事情–那些他看到的、读到的或者是听到的事情都深刻地印在了他的脑子里。有了这么好的一个脑子,艾迪开始在股市和金融市场上小试身手。没想到出师就捷,艾迪捞到了一大笔钱。他的杰出的赚钱能力,引起了金融大鳄卡尔·范·罗恩的注意,他把艾迪招致麾下,将其视作自己新的“经济增长点”。 艾迪抢眼的成功当然也给他带来了不小的麻烦。几个杀手陆陆续续找上门来,希望能从他的手中搞到NZT。但是NZT的副作用这个时候却渐渐显露了出来,它让艾迪的脑子非常混乱,身体不适、情绪失控、精神分裂等等副作用一并发生。艾迪能克服这些困难,走出低谷并逃脱杀手们的追杀么? 一句话评论 一部叙事流畅的黑色喜剧,尊重观众的智商。 ——《芝加哥论坛报》 一部奇特而有趣的惊悚片。 ——《娱乐周刊》 非常有趣,冒险段落也很吸引人,主流的娱乐佳片。 ——《电影评论》 节奏有条不紊,悬疑设置较佳。 ——《今日美国》 布莱德利·库珀的演出让人印象深刻,他需要更多这样的作品来证明自己。 ——《纽约时报》 幕后制作 布莱德利·库珀首次独挑大梁 男星布莱德利·库珀在电视圈、电影圈和话剧舞台上已经混迹了多年,但是鲜有太多的成就。徒有一张帅哥面孔的他并没有获得料想中的成功。不过2009年的那部《宿醉》成了他的“翻身仗”。这部票房黑马片中让更多的人注意到了库珀。接着,库珀出演了2010年火爆的动作大片《天龙特攻队》,表现抢眼的他开始跻身于一线影星的行列。2011年,这部即将上映的《永无止境》将成为布莱德利·库珀的演艺生涯中的一部极其重要的影片,因为在这部电影里,库珀将首次独挑大梁。 对于这个角色,布莱德利将其描述为“我所扮演的最重要的角色”。他说:“我一直都在喜剧片里演出,能主演一部非喜剧类的作品对我来说非常重要,也是我长久以来的愿望。现在,艾迪这个角色给了我这么一个机会,我非常兴奋。这是我从影以来所扮演过的最重要的角色。在影片里,艾迪一开始是一个失败者,后来吃了一种药,就变成了一个成功人士。可是他的成功在一方面成就了他,另一方面又把他拉入了人生的黑暗面。我觉得这是一个与众不同的角色,而且也非常有意思。从剧情来说,这部电影要求我要能表现出一个人从失败到成功的转变,所以要求我在外形上有变化。一开始,我有胡子、邋里邋遢的,后来我变得神采奕奕、精神焕发。可是随着药物副作用的来临,我又将变得不可理喻。其次,影片中还有很多追逐和动作的场面,这要求我要展示出一个动作明星的水平。这个并不算太难,因为在那部《天龙特攻队》中,我已经有了这方面的训练。最难的部分,可能还是来自于心理上的挑战,因为这毕竟是我第一次一个人担纲主演,我可不想把事情搞砸了。” 对于布莱德利的表演,尼尔·博格给予的评价是很棒。尼尔·博格说:“布莱德利·库珀是一个很敬业的演员,一些难度很高的镜头他都坚持自己完成。他把自己的工作完成得很棒。当然,德尼罗已经是一个传奇了,他的表演简直无懈可击。” 融合商业性和艺术性 如果一个人猛然间成为了天才或者拥有了超能力,怎么办?讲述类似“困境”题材的影片不并少见,但那些影片往往都陷入到了对人性和生活的探讨中,比如那部感动了无数人的《献给阿尔吉侬的花束》就是这么一部比较严肃的正剧。即使《永无止境》是一部标准的商业电影,但是在原著小说作者的眼里,他的这部原名为《黑暗域》的小说探讨的也是生命和生活的落差,虽然其中有些商业噱头,可是作者阿兰·格里恩却认为自己的小说讲述的是“一个人的困境”。 阿兰·格里恩说:“这部小说写的是一个人在经历了变化之后的生活和生命的轨迹。我并不觉得这是一部商业噱头很大的小说,虽然在小说中有一些诸如追杀、金融等等商业性的噱头和元素。但是总体说来,这个小说的主旨还是关于讲述一个人是如何面对并摆脱自己的困境的。”虽然作者持有这种观点,但是到了编剧莱斯利·迪克逊的手里,这部小说转变成了一部惊悚电影。迪克逊表示说:“这个小说非常有看点,首先是一个人要如何正确使用自己的大脑,其次是该如何平衡挣钱和道德,最后是如何才能摆脱追杀。这些元素都非常有看头,几乎每一个都能独立出来拍摄一部电影。如果要把这些元素都杂糅在一部电影里,那么只能提高电影的节奏、加快电影的速率、把它改写成一部惊悚、悬疑片。” 对于曾经编写出了《窈窕奶爸》这种剧本的莱斯利·迪克逊来说,编写一部惊悚片的剧本并不困难。而且,他的剧本更是得到了尼尔·博格的赞扬。尼尔·博格说:“迪克逊的剧本非常出色,情节紧凑、节奏张弛有度,而且他还在剧本里恰到好处地融合了商业和艺术性。在这之前我担心的剧本会有明显的割裂的痕迹并没有出现,因为小说中,艾迪有着明显的三个转变的阶段。如果剧本也是这样的话,最终拍出来的电影就会惨不忍睹。不过迪克逊用自己的能力把这部小说变成了一部彻底的惊悚片。我个人很喜欢这个剧本。” 花絮 ·影片改编自阿兰·格里恩出版于2001年的小说《黑暗领域》(The Dark Fields) ·本篇原计划由希亚·拉博夫担任主演,但他却遭遇了一场车祸,手臂严重受伤。后来,剧组找来了布莱德利·库珀担纲主演。 ·由于尼尔·博格对影片的结局不甚满意,所以在2011年1月份,他召回了所有主演,为影片重新拍摄了一个结局。 ·曾经有传闻说,伊丽莎白·班克斯将在影片中饰演一个角色,但后未成行。 引用 DISC INFO: Disc Title: Limitless.2011.Blu-ray.1080p.AVC.DTS-HD MA 5.1 Disc Size: 46,067,961,579 bytes Protection: AACS BD-Java: Yes PLAYLIST REPORT: Name: 00002.MPLS Length: 1:45:33 (h:m:s) VIDEO: Codec Bitrate Description MPEG-4 AVC Video 0 kbps 1080p / 23.976 fps / 16:9 / High Profile 4.1 AUDIO: Codec Language Bitrate Description DTS-HD Master Audio English 0 kbps 5.1 / 48 kHz / 24-bit (DTS Core: 5.1 / 48 kHz / 1509 kbps / 24-bit) Dolby Digital Audio French 640 kbps 5.1 / 48 kHz / 640 kbps / DN -4dB Dolby Digital Audio English 192 kbps 2.0 / 48 kHz / 192 kbps / DN -4dB SUBTITLES: Codec Language Bitrate Description Presentation Graphics English 0.000 kbps Presentation Graphics Chinese 0.000 kbps Presentation Graphics Chinese 0.000 kbps Presentation Graphics French 0.000 kbps 引用 郑重声明： 本站提供的所有影视作品均是在网上搜集任何涉及商业盈利目的均不得使用， 否则产生的一切后果将由您自己承担！本站将不对本站的任何内容负任何法律责任！ 该下载内容仅做宽带测试使用，请在下载后24小时内删除。请购买正版！","蓝光原盘下载：永无止境、2011 Blu-ray 1080p AVC DTS-HD MA 5.1-CHDBits 42.9G 高清MKV磁力链：[永无止境]Limitless.UNRATED.2011.BluRay.720p.x264.AC3[中英字幕/2.05G] 【影片原名】Limitless 【中文译名】永无止境/黑暗领域/逆天潜能(港)/药命效应(台) 【出品公司】Relativity Media 【出品年代】2011 年 【上映日期】2011年3月18日 美国 【影片级别】Ireland:15A | USA:PG-13 (certificate #46696) | Canada:14A (Ontario) | Australia:M | Philippines:R-13 (MTRCB) 【官方网站】http://www.iamrogue.com/limitless/ 【IMDB链接】http://www.imdb.com/title/tt1219289/ 【IMDB评分】7.3/10 (38,906 votes) 【国 家】美国 【类 别】悬疑/科幻/惊悚 【导 演】尼尔·博格 Neil Burger 【主 演】布莱德利·库珀 Bradley Cooper ….Eddie Morra 艾比·考尼什 Abbie Cornish ….Lindy 罗伯特·德尼罗 Robert De Niro ….Carl Van Loon 安德鲁·霍华德 Andrew Howard ….Gennady 安娜·弗莱尔 Anna Friel ….Melissa 约翰尼·威特沃斯 Johnny Whitworth ….Vernon Tomas Arana ….Man in Tan Coat 罗伯特·约翰·伯克 Robert John Burke ….Pierce Darren Goldstein ….Kevin Doyle Ned Eisenberg ….Morris Brandt T.V. Carpio ….Valerie Richard Bekins ….Hank Atwood 帕特丽夏·考莱姆伯 Patricia Kalember ….Mrs. Atwood Cindy Katz ….Marla Sutton Brian Anthony Wilson ….Detective (as Brian A. Wilson) 【内容简介】 艾迪·莫莱是一个丢掉了工作的潦倒作家,没有工作、没有收入。甚至连他的女朋友林迪也果断地离开了他。在穷困、潦倒和无所事事中,艾迪对生活失望了,他觉得自己不可能会有什么未来。就在这个时候,他的朋友向他介绍了一种正处在试验阶段的药物–NZT。 NZT是一种头脑药物,吃下去之后可以让大脑中处于休眠状态的脑细胞变得活跃。艾迪在无聊之中吃掉了这颗看上去很不起眼的小药丸,结果他变成了一个头脑超人。艾迪一洗之前的颓废和低迷,变得炯炯有神且充满自信。在NZT的帮助下,艾迪的脑子就像是吃了伟哥一样坚挺。他能记住与之相关的所有的事情–那些他看到的、读到的或者是听到的事情都深刻地印在了他的脑子里。有了这么好的一个脑子,艾迪开始在股市和金融市场上小试身手。没想到出师就捷,艾迪捞到了一大笔钱。他的杰出的赚钱能力,引起了金融大鳄卡尔·范·罗恩的注意,他把艾迪招致麾下,将其视作自己新的“经济增长点”。 艾迪抢眼的成功当然也给他带来了不小的麻烦。几个杀手陆陆续续找上门来,希望能从他的手中搞到NZT。但是NZT的副作用这个时候却渐渐显露了出来,它让艾迪的脑子非常混乱,身体不适、情绪失控、精神分裂等等副作用一并发生。艾迪能克服这些困难,走出低谷并逃脱杀手们的追杀么? 一句话评论 一部叙事流畅的黑色喜剧,尊重观众的智商。 ——《芝加哥论坛报》 一部奇特而有趣的惊悚片。 ——《娱乐周刊》 非常有趣,冒险段落也很吸引人,主流的娱乐佳片。 ——《电影评论》 节奏有条不紊,悬疑设置较佳。 ——《今日美国》 布莱德利·库珀的演出让人印象深刻,他需要更多这样的作品来证明自己。 ——《纽约时报》 幕后制作 布莱德利·库珀首次独挑大梁 男星布莱德利·库珀在电视圈、电影圈和话剧舞台上已经混迹了多年,但是鲜有太多的成就。徒有一张帅哥面孔的他并没有获得料想中的成功。不过2009年的那部《宿醉》成了他的“翻身仗”。这部票房黑马片中让更多的人注意到了库珀。接着,库珀出演了2010年火爆的动作大片《天龙特攻队》,表现抢眼的他开始跻身于一线影星的行列。2011年,这部即将上映的《永无止境》将成为布莱德利·库珀的演艺生涯中的一部极其重要的影片,因为在这部电影里,库珀将首次独挑大梁。 对于这个角色,布莱德利将其描述为“我所扮演的最重要的角色”。他说:“我一直都在喜剧片里演出,能主演一部非喜剧类的作品对我来说非常重要,也是我长久以来的愿望。现在,艾迪这个角色给了我这么一个机会,我非常兴奋。这是我从影以来所扮演过的最重要的角色。在影片里,艾迪一开始是一个失败者,后来吃了一种药,就变成了一个成功人士。可是他的成功在一方面成就了他,另一方面又把他拉入了人生的黑暗面。我觉得这是一个与众不同的角色,而且也非常有意思。从剧情来说,这部电影要求我要能表现出一个人从失败到成功的转变,所以导演要求我在外形上有变化。一开始,我有胡子、邋里邋遢的,后来我变得神采奕奕、精神焕发。可是随着药物副作用的来临,我又将变得不可理喻。其次,影片中还有很多追逐和动作的场面,这要求我要展示出一个动作明星的水平。这个并不算太难,因为在那部《天龙特攻队》中,我已经有了这方面的训练。最难的部分,可能还是来自于心理上的挑战,因为这毕竟是我第一次一个人担纲主演,我可不想把事情搞砸了。” 对于布莱德利的表演,导演尼尔·博格给予的评价是很棒。尼尔·博格说:“布莱德利·库珀是一个很敬业的演员,一些难度很高的镜头他都坚持自己完成。他把自己的工作完成得很棒。当然,德尼罗已经是一个传奇了,他的表演简直无懈可击。” 融合商业性和艺术性 如果一个人猛然间成为了天才或者拥有了超能力,怎么办?讲述类似“困境”题材的影片不并少见,但那些影片往往都陷入到了对人性和生活的探讨中,比如那部感动了无数人的《献给阿尔吉侬的花束》就是这么一部比较严肃的正剧。即使《永无止境》是一部标准的商业电影,但是在原著小说作者的眼里,他的这部原名为《黑暗域》的小说探讨的也是生命和生活的落差,虽然其中有些商业噱头,可是作者阿兰·格里恩却认为自己的小说讲述的是“一个人的困境”。 阿兰·格里恩说:“这部小说写的是一个人在经历了变化之后的生活和生命的轨迹。我并不觉得这是一部商业噱头很大的小说,虽然在小说中有一些诸如追杀、金融等等商业性的噱头和元素。但是总体说来,这个小说的主旨还是关于讲述一个人是如何面对并摆脱自己的困境的。”虽然作者持有这种观点,但是到了莱斯利·迪克逊的手里,这部小说转变成了一部惊悚电影。迪克逊表示说:“这个小说非常有看点,首先是一个人要如何正确使用自己的大脑,其次是该如何平衡挣钱和道德,最后是如何才能摆脱追杀。这些元素都非常有看头,几乎每一个都能独立出来拍摄一部电影。如果要把这些元素都杂糅在一部电影里,那么只能提高电影的节奏、加快电影的速率、把它改写成一部惊悚、悬疑片。” 对于曾经编写出了《窈窕奶爸》这种剧本的莱斯利·迪克逊来说,编写一部惊悚片的剧本并不困难。而且,他的剧本更是得到了尼尔·博格的赞扬。尼尔·博格说:“迪克逊的剧本非常出色,情节紧凑、节奏张弛有度,而且他还在剧本里恰到好处地融合了商业和艺术性。在这之前我担心的剧本会有明显的割裂的痕迹并没有出现,因为小说中,艾迪有着明显的三个转变的阶段。如果剧本也是这样的话,最终拍出来的电影就会惨不忍睹。不过迪克逊用自己的能力把这部小说变成了一部彻底的惊悚片。我个人很喜欢这个剧本。” 花絮 ·影片改编自阿兰·格里恩出版于2001年的小说《黑暗领域》(The Dark Fields) ·本篇原计划由希亚·拉博夫担任主演,但他却遭遇了一场车祸,手臂严重受伤。后来,剧组找来了布莱德利·库珀担纲主演。 ·由于导演尼尔·博格对影片的结局不甚满意,所以在2011年1月份,他召回了所有主演,为影片重新拍摄了一个结局。 ·曾经有传闻说,伊丽莎白·班克斯将在影片中饰演一个角色,但后未成行。 引用 DISC INFO: Disc Title: Limitless.2011.Blu-ray.1080p.AVC.DTS-HD MA 5.1 Disc Size: 46,067,961,579 bytes Protection: AACS BD-Java: Yes PLAYLIST REPORT: Name: 00002.MPLS Length: 1:45:33 (h:m:s) VIDEO: Codec Bitrate Description MPEG-4 AVC Video 0 kbps 1080p / 23.976 fps / 16:9 / High Profile 4.1 AUDIO: Codec Language Bitrate Description DTS-HD Master Audio English 0 kbps 5.1 / 48 kHz / 24-bit (DTS Core: 5.1 / 48 kHz / 1509 kbps / 24-bit) Dolby Digital Audio French 640 kbps 5.1 / 48 kHz / 640 kbps / DN -4dB Dolby Digital Audio English 192 kbps 2.0 / 48 kHz / 192 kbps / DN -4dB SUBTITLES: Codec Language Bitrate Description Presentation Graphics English 0.000 kbps Presentation Graphics Chinese 0.000 kbps Presentation Graphics Chinese 0.000 kbps Presentation Graphics French 0.000 kbps 引用 郑重声明： 本站提供的所有影视作品均是在网上搜集任何涉及商业盈利目的均不得使用， 否则产生的一切后果将由您自己承担！本站将不对本站的任何内容负任何法律责任！ 该下载内容仅做宽带测试使用，请在下载后24小时内删除。请购买正版！","蓝光原盘下载：永无止境、2011 Blu-ray 1080p AVC DTS-HD MA 5.1-CHDBits 42.9G 高清MKV磁力链：[永无止境]Limitless.UNRATED.2011.BluRay.720p.x264.AC3[中英字幕/2.05G] 【影片原名】Limitless 【中文译名】永无止境/黑暗领域/逆天潜能(港)/药命效应(台) 【出品公司】Relativity Media 【出品年代】2011 年 【上映日期】2011年3月18日 美国 【影片级别】Ireland:15A | USA:PG-13 (certificate #46696) | Canada:14A (Ontario) | Australia:M | Philippines:R-13 (MTRCB) 【官方网站】http://www.iamrogue.com/limitless/ 【IMDB链接】http://www.imdb.com/title/tt1219289/ 【IMDB评分】7.3/10 (38,906 votes) 【国 家】美国 【类 别】悬疑/科幻/惊悚 【导 演】尼尔·博格 Neil Burger 【主 演】布莱德利·库珀 Bradley Cooper ….Eddie Morra 艾比·考尼什 Abbie Cornish ….Lindy 罗伯特·德尼罗 Robert De Niro ….Carl Van Loon 安德鲁·霍华德 Andrew Howard ….Gennady 安娜·弗莱尔 Anna Friel ….Melissa 约翰尼·威特沃斯 Johnny Whitworth ….Vernon Tomas Arana ….Man in Tan Coat 罗伯特·约翰·伯克 Robert John Burke ….Pierce Darren Goldstein ….Kevin Doyle Ned Eisenberg ….Morris Brandt T.V. Carpio ….Valerie Richard Bekins ….Hank Atwood 帕特丽夏·考莱姆伯 Patricia Kalember ….Mrs. Atwood Cindy Katz ….Marla Sutton Brian Anthony Wilson ….Detective (as Brian A. Wilson) 【内容简介】 艾迪·莫莱是一个丢掉了工作的潦倒作家,没有工作、没有收入。甚至连他的女朋友林迪也果断地离开了他。在穷困、潦倒和无所事事中,艾迪对生活失望了,他觉得自己不可能会有什么未来。就在这个时候,他的朋友向他介绍了一种正处在试验阶段的药物–NZT。 NZT是一种头脑药物,吃下去之后可以让大脑中处于休眠状态的脑细胞变得活跃。艾迪在无聊之中吃掉了这颗看上去很不起眼的小药丸,结果他变成了一个头脑超人。艾迪一洗之前的颓废和低迷,变得炯炯有神且充满自信。在NZT的帮助下,艾迪的脑子就像是吃了伟哥一样坚挺。他能记住与之相关的所有的事情–那些他看到的、读到的或者是听到的事情都深刻地印在了他的脑子里。有了这么好的一个脑子,艾迪开始在股市和金融市场上小试身手。没想到出师就捷,艾迪捞到了一大笔钱。他的杰出的赚钱能力,引起了金融大鳄卡尔·范·罗恩的注意,他把艾迪招致麾下,将其视作自己新的“经济增长点”。 艾迪抢眼的成功当然也给他带来了不小的麻烦。几个杀手陆陆续续找上门来,希望能从他的手中搞到NZT。但是NZT的副作用这个时候却渐渐显露了出来,它让艾迪的脑子非常混乱,身体不适、情绪失控、精神分裂等等副作用一并发生。艾迪能克服这些困难,走出低谷并逃脱杀手们的追杀么? 一句话评论 一部叙事流畅的黑色喜剧,尊重观众的智商。 ——《芝加哥论坛报》 一部奇特而有趣的惊悚片。 ——《娱乐周刊》 非常有趣,冒险段落也很吸引人,主流的娱乐佳片。 ——《电影评论》 节奏有条不紊,悬疑设置较佳。 ——《今日美国》 布莱德利·库珀的演出让人印象深刻,他需要更多这样的作品来证明自己。 ——《纽约时报》 幕后制作 布莱德利·库珀首次独挑大梁 男星布莱德利·库珀在电视圈、电影圈和话剧舞台上已经混迹了多年,但是鲜有太多的成就。徒有一张帅哥面孔的他并没有获得料想中的成功。不过2009年的那部《宿醉》成了他的“翻身仗”。这部票房黑马片中让更多的人注意到了库珀。接着,库珀出演了2010年火爆的动作大片《天龙特攻队》,表现抢眼的他开始跻身于一线影星的行列。2011年,这部即将上映的《永无止境》将成为布莱德利·库珀的演艺生涯中的一部极其重要的影片,因为在这部电影里,库珀将首次独挑大梁。 对于这个角色,布莱德利将其描述为“我所扮演的最重要的角色”。他说:“我一直都在喜剧片里演出,能一部非喜剧类的作品对我来说非常重要,也是我长久以来的愿望。现在,艾迪这个角色给了我这么一个机会,我非常兴奋。这是我从影以来所扮演过的最重要的角色。在影片里,艾迪一开始是一个失败者,后来吃了一种药,就变成了一个成功人士。可是他的成功在一方面成就了他,另一方面又把他拉入了人生的黑暗面。我觉得这是一个与众不同的角色,而且也非常有意思。从剧情来说,这部电影要求我要能表现出一个人从失败到成功的转变,所以导演要求我在外形上有变化。一开始,我有胡子、邋里邋遢的,后来我变得神采奕奕、精神焕发。可是随着药物副作用的来临,我又将变得不可理喻。其次,影片中还有很多追逐和动作的场面,这要求我要展示出一个动作明星的水平。这个并不算太难,因为在那部《天龙特攻队》中,我已经有了这方面的训练。最难的部分,可能还是来自于心理上的挑战,因为这毕竟是我第一次一个人担纲,我可不想把事情搞砸了。” 对于布莱德利的表演,导演尼尔·博格给予的评价是很棒。尼尔·博格说:“布莱德利·库珀是一个很敬业的演员,一些难度很高的镜头他都坚持自己完成。他把自己的工作完成得很棒。当然,德尼罗已经是一个传奇了,他的表演简直无懈可击。” 融合商业性和艺术性 如果一个人猛然间成为了天才或者拥有了超能力,怎么办?讲述类似“困境”题材的影片不并少见,但那些影片往往都陷入到了对人性和生活的探讨中,比如那部感动了无数人的《献给阿尔吉侬的花束》就是这么一部比较严肃的正剧。即使《永无止境》是一部标准的商业电影,但是在原著小说作者的眼里,他的这部原名为《黑暗域》的小说探讨的也是生命和生活的落差,虽然其中有些商业噱头,可是作者阿兰·格里恩却认为自己的小说讲述的是“一个人的困境”。 阿兰·格里恩说:“这部小说写的是一个人在经历了变化之后的生活和生命的轨迹。我并不觉得这是一部商业噱头很大的小说,虽然在小说中有一些诸如追杀、金融等等商业性的噱头和元素。但是总体说来,这个小说的主旨还是关于讲述一个人是如何面对并摆脱自己的困境的。”虽然作者持有这种观点,但是到了编剧莱斯利·迪克逊的手里,这部小说转变成了一部惊悚电影。迪克逊表示说:“这个小说非常有看点,首先是一个人要如何正确使用自己的大脑,其次是该如何平衡挣钱和道德,最后是如何才能摆脱追杀。这些元素都非常有看头,几乎每一个都能独立出来拍摄一部电影。如果要把这些元素都杂糅在一部电影里,那么只能提高电影的节奏、加快电影的速率、把它改写成一部惊悚、悬疑片。” 对于曾经编写出了《窈窕奶爸》这种剧本的莱斯利·迪克逊来说,编写一部惊悚片的剧本并不困难。而且,他的剧本更是得到了尼尔·博格的赞扬。尼尔·博格说:“迪克逊的剧本非常出色,情节紧凑、节奏张弛有度,而且他还在剧本里恰到好处地融合了商业和艺术性。在这之前我担心的剧本会有明显的割裂的痕迹并没有出现,因为小说中,艾迪有着明显的三个转变的阶段。如果剧本也是这样的话,最终拍出来的电影就会惨不忍睹。不过迪克逊用自己的能力把这部小说变成了一部彻底的惊悚片。我个人很喜欢这个剧本。” 花絮 ·影片改编自阿兰·格里恩出版于2001年的小说《黑暗领域》(The Dark Fields) ·本篇原计划由希亚·拉博夫担任,但他却遭遇了一场车祸,手臂严重受伤。后来,剧组找来了布莱德利·库珀担纲。 ·由于导演尼尔·博格对影片的结局不甚满意,所以在2011年1月份,他召回了所有,为影片重新拍摄了一个结局。 ·曾经有传闻说,伊丽莎白·班克斯将在影片中饰演一个角色,但后未成行。 引用 DISC INFO: Disc Title: Limitless.2011.Blu-ray.1080p.AVC.DTS-HD MA 5.1 Disc Size: 46,067,961,579 bytes Protection: AACS BD-Java: Yes PLAYLIST REPORT: Name: 00002.MPLS Length: 1:45:33 (h:m:s) VIDEO: Codec Bitrate Description MPEG-4 AVC Video 0 kbps 1080p / 23.976 fps / 16:9 / High Profile 4.1 AUDIO: Codec Language Bitrate Description DTS-HD Master Audio English 0 kbps 5.1 / 48 kHz / 24-bit (DTS Core: 5.1 / 48 kHz / 1509 kbps / 24-bit) Dolby Digital Audio French 640 kbps 5.1 / 48 kHz / 640 kbps / DN -4dB Dolby Digital Audio English 192 kbps 2.0 / 48 kHz / 192 kbps / DN -4dB SUBTITLES: Codec Language Bitrate Description Presentation Graphics English 0.000 kbps Presentation Graphics Chinese 0.000 kbps Presentation Graphics Chinese 0.000 kbps Presentation Graphics French 0.000 kbps 引用 郑重声明： 本站提供的所有影视作品均是在网上搜集任何涉及商业盈利目的均不得使用， 否则产生的一切后果将由您自己承担！本站将不对本站的任何内容负任何法律责任！ 该下载内容仅做宽带测试使用，请在下载后24小时内删除。请购买正版！",资源3D资源 4K 影单 排行TOP250 演唱会 电影 纪录片 蓝光原盘 蓝光高清,2011,1219289,http://www.imdb.com/title/tt1219289/,,https://s44.playwoool.com/wp-content/uploads/2013/10/p866021311.jpg,"】 艾迪·莫莱是一个丢掉了工作的潦倒作家,没有工作、没有收入。甚至连他的女朋友林迪也果断地离开了他。在穷困、潦倒和无所事事中,艾迪对生活失望了,他觉得自己不可能会有什么未来。就在这个时候,他的朋友向他介绍了一种正处在试验阶段的药物–NZT。 NZT是一种头脑药物,吃下去之后可以让大脑中处于休眠状态的脑细胞变得活跃。艾迪在无聊之中吃掉了这颗看上去很不起眼的小药丸,结果他变成了一个头脑超人。艾迪一洗之前的颓废和低迷,变得炯炯有神且充满自信。在NZT的帮助下,艾迪的脑子就像是吃了伟哥一样坚挺。他能记住与之相关的所有的事情–那些他看到的、读到的或者是听到的事情都深刻地印在了他的脑子里。有了这么好的一个脑子,艾迪开始在股市和金融市场上小试身手。没想到出师就捷,艾迪捞到了一大笔钱。他的杰出的赚钱能力,引起了金融大鳄卡尔·范·罗恩的注意,他把艾迪招致麾下,将其视作自己新的“经济增长点”。 艾迪抢眼的成功当然也给他带来了不小的麻烦。几个杀手陆陆续续找上门来,希望能从他的手中搞到NZT。但是NZT的副作用这个时候却渐渐显露了出来,它让艾迪的脑子非常混乱,身体不适、情绪失控、精神分裂等等副作用一并发生。艾迪能克服这些困难,走出低谷并逃脱杀手们的追杀么? 一句话评论 一部叙事流畅的黑色喜剧,尊重观众的智商。 ——《芝加哥论坛报》 一部奇特而有趣的惊悚片。 ——《娱乐周刊》 非常有趣,冒险段落也很吸引人,主流的娱乐佳片。 ——《电影评论》 节奏有条不紊,悬疑设置较佳。 ——《今日美国》 布莱德利·库珀的演出让人印象深刻,他需要更多这样的作品来证明自己。 ——《纽约时报》 幕后制作 布莱德利·库珀首次独挑大梁 男星布莱德利·库珀在电视圈、电影圈和话剧舞台上已经混迹了多年,但是鲜有太多的成就。徒有一张帅哥面孔的他并没有获得料想中的成功。不过2009年的那部《宿醉》成了他的“翻身仗”。这部票房黑马片中让更多的人注意到了库珀。接着,库珀出演了2010年火爆的动作大片《天龙特攻队》,表现抢眼的他开始跻身于一线影星的行列。2011年,这部即将上映的《永无止境》将成为布莱德利·库珀的演艺生涯中的一部极其重要的影片,因为在这部电影里,库珀将首次独挑大梁。 对于这个角色,布莱德利将其描述为“我所扮演的最重要的角色”。他说:“我一直都在喜剧片里演出,能主演一部非喜剧类的作品对我来说非常重要,也是我长久以来的愿望。现在,艾迪这个角色给了我这么一个机会,我非常兴奋。这是我从影以来所扮演过的最重要的角色。在影片里,艾迪一开始是一个失败者,后来吃了一种药,就变成了一个成功人士。可是他的成功在一方面成就了他,另一方面又把他拉入了人生的黑暗面。我觉得这是一个与众不同的角色,而且也非常有意思。从剧情来说,这部电影要求我要能表现出一个人从失败到成功的转变,所以导演要求我在外形上有变化。一开始,我有胡子、邋里邋遢的,后来我变得神采奕奕、精神焕发。可是随着药物副作用的来临,我又将变得不可理喻。其次,影片中还有很多追逐和动作的场面,这要求我要展示出一个动作明星的水平。这个并不算太难,因为在那部《天龙特攻队》中,我已经有了这方面的训练。最难的部分,可能还是来自于心理上的挑战,因为这毕竟是我第一次一个人担纲主演,我可不想把事情搞砸了。” 对于布莱德利的表演,导演尼尔·博格给予的评价是很棒。尼尔·博格说:“布莱德利·库珀是一个很敬业的演员,一些难度很高的镜头他都坚持自己完成。他把自己的工作完成得很棒。当然,德尼罗已经是一个传奇了,他的表演简直无懈可击。” 融合商业性和艺术性 如果一个人猛然间成为了天才或者拥有了超能力,怎么办?讲述类似“困境”题材的影片不并少见,但那些影片往往都陷入到了对人性和生活的探讨中,比如那部感动了无数人的《献给阿尔吉侬的花束》就是这么一部比较严肃的正剧。即使《永无止境》是一部标准的商业电影,但是在原著小说作者的眼里,他的这部原名为《黑暗域》的小说探讨的也是生命和生活的落差,虽然其中有些商业噱头,可是作者阿兰·格里恩却认为自己的小说讲述的是“一个人的困境”。 阿兰·格里恩说:“这部小说写的是一个人在经历了变化之后的生活和生命的轨迹。我并不觉得这是一部商业噱头很大的小说,虽然在小说中有一些诸如追杀、金融等等商业性的噱头和元素。但是总体说来,这个小说的主旨还是关于讲述一个人是如何面对并摆脱自己的困境的。”虽然作者持有这种观点,但是到了编剧莱斯利·迪克逊的手里,这部小说转变成了一部惊悚电影。迪克逊表示说:“这个小说非常有看点,首先是一个人要如何正确使用自己的大脑,其次是该如何平衡挣钱和道德,最后是如何才能摆脱追杀。这些元素都非常有看头,几乎每一个都能独立出来拍摄一部电影。如果要把这些元素都杂糅在一部电影里,那么只能提高电影的节奏、加快电影的速率、把它改写成一部惊悚、悬疑片。” 对于曾经编写出了《窈窕奶爸》这种剧本的莱斯利·迪克逊来说,编写一部惊悚片的剧本并不困难。而且,他的剧本更是得到了尼尔·博格的赞扬。尼尔·博格说:“迪克逊的剧本非常出色,情节紧凑、节奏张弛有度,而且他还在剧本里恰到好处地融合了商业和艺术性。在这之前我担心的剧本会有明显的割裂的痕迹并没有出现,因为小说中,艾迪有着明显的三个转变的阶段。如果剧本也是这样的话,最终拍出来的电影就会惨不忍睹。不过迪克逊用自己的能力把这部小说变成了一部彻底的惊悚片。我个人很喜欢这个剧本。” 花絮 ·影片改编自阿兰·格里恩出版于2001年的小说《黑暗领域》(The Dark Fields) ·本篇原计划由希亚·拉博夫担任主演,但他却遭遇了一场车祸,手臂严重受伤。后来,剧组找来了布莱德利·库珀担纲主演。 ·由于导演尼尔·博格对影片的结局不甚满意,所以在2011年1月份,他召回了所有主演,为影片重新拍摄了一个结局。 ·曾经有传闻说,伊丽莎白·班克斯将在影片中饰演一个角色,但后未成行。 引用 DISC INFO: Disc Title: Limitless.2011.Blu-ray.1080p.AVC.DTS-HD MA 5.1 Disc Size: 46,067,961,579 bytes Protection: AACS BD-Java: Yes PLAYLIST REPORT: Name: 00002.MPLS Length: 1:45:33 (h:m:s) VIDEO: Codec Bitrate Description MPEG-4 AVC Video 0 kbps 1080p / 23.976 fps / 16:9 / High Profile 4.1 AUDIO: Codec Language Bitrate Description DTS-HD Master Audio English 0 kbps 5.1 / 48 kHz / 24-bit (DTS Core: 5.1 / 48 kHz / 1509 kbps / 24-bit) Dolby Digital Audio French 640 kbps 5.1 / 48 kHz / 640 kbps / DN -4dB Dolby Digital Audio English 192 kbps 2.0 / 48 kHz / 192 kbps / DN -4dB SUBTITLES: Codec Language Bitrate Description Presentation Graphics English 0.000 kbps Presentation Graphics Chinese 0.000 kbps Presentation Graphics Chinese 0.000 kbps Presentation Graphics French 0.000 kbps 引用 郑重声明： 本站提供的所有影视作品均是在网上搜集任何涉及商业盈利目的均不得使用， 否则产生的一切后果将由您自己承担！本站将不对本站的任何内容负任何法律责任！ 该下载内容仅做宽带测试使用，请在下载后24小时内删除。请购买正版！ 标签：悬疑 惊悚 科幻",,
第七封印 蓝光原盘下载+高清MKV版/The Seventh Seal 1957 Det sjunde inseglet 25.9G,第七封印/The Seventh Seal,1957,1957-02-16,瑞典,瑞典语 / 拉丁语,96分钟,英格玛·伯格曼,英格玛·伯格曼,古纳尔·布约恩施特兰德 / 本特·埃切罗特 / 尼尔斯·波普 / 马克斯·冯·叙多夫 / 毕比·安德松 / 英加·吉尔 / 毛德·汉松 / 因加·朗格里 / 古内尔·林德布洛姆 / 贝蒂尔·安德贝里 / 安德斯·埃克 / 奥克·弗里德尔 / 古纳尔·奥尔松 / 埃里克·斯特兰德马克 / Siv Aleros / 斯滕·阿登斯坦 / 哈里·阿斯克隆德 / 本克特-奥克·本特松 / 凯瑟琳·贝里 / 莱娜·贝格曼 / 托尔·博龙 / 古德龙·布罗斯特 / 本特·伊尔贝里 / 拉尔斯·格兰贝里 / 贡勒格·哈格贝里 / 托尔·伊塞达尔 / 乌尔夫·约翰松 / 乌诺·拉松 / 伦纳特·利亚 / 拉尔斯·林德 / 戈东·勒韦纳德勒 / 莫娜·马姆 / 约瑟夫·诺尔曼 / 约斯塔·普吕塞柳斯 / 乔治斯卡斯特德 / 朗纳·瑟尔曼 / 伦纳特·托伦 / 尼尔斯·维滕,剧情 / 奇幻,8.4,8.2,https://www.imdb.com/title/tt0050976/,https://movie.douban.com/subject/1293234/,https://s44.playwoool.com/wp-content/uploads/2021/07/p1036531465.jpg,海滩边，巨浪滔天，英武的骑士布洛克（马克斯•冯•西多 Max von Sydow 饰）与黑衣死神（本特•埃切罗特 Bengt Ekerot 饰）摆下了一盘生死棋局。在下棋的过程中，骑士在回顾自己的人生，所见所闻暗合圣经的图景。十四世纪十字军东征后期，欧洲大陆瘟疫蔓延，民不聊生。布洛克曾遇到过马戏团的一对夫妻，丈夫笃信神明，无比虔诚，妻子则更加现实，唯命是从。他们的相濡以沫让幸福唾手可得。骑士在树林中邂逅了铁匠夫妇。铁匠非常粗鲁，他的妻子很是风骚，他们在树林里对着路人演出双簧，仿佛一对可笑的傀儡。最后，在经历过集体膜拜的祭奠仪式后，武士和他的朋友们再次遇到了死神，曾经的无助与恐惧，愤怒与怀疑，都化作了人生的诘问…… 本片获第10届戛纳电影节评委会大奖。,"第10届戛纳电影节 (1957)
主竞赛单元 金棕榈奖(提名) 英格玛·伯格曼
主竞赛单元 评审团特别奖 英格玛·伯格曼",
玩乐时间 蓝光高清MKV版/嬉戏时间(港) / 游戏时间(台) / Playtime 1967 Play Time 10.9G,玩乐时间/ 嬉戏时间(港) / 游戏时间(台) / Playtime,1967,1967-12-16,法国 / 意大利,法语 / 英语 / 德语,155分钟,雅克·塔蒂,雅克·塔蒂,雅克·塔蒂 / Barbara Dennek / France Rumilly / France Delahalle,喜剧,8.7,7.9,https://www.imdb.com/title/tt0062136/,https://movie.douban.com/subject/1303543/,https://s44.playwoool.com/wp-content/uploads/2021/07/p2207308089.jpg,由法国著名喜剧导演雅克·塔蒂自编自导自演的喜剧影片《玩乐时间》，用一种接近单色的色调和70毫米的巨大画卷，将钢筋玻璃世界的冷酷转化成格格不入的超现实影像。本片几乎没有对白，但巧妙的运用了音效，加上演员肢体动作的表现，有着较为浓厚的早期默片风格。 标签：喜剧 小语种 -本片字幕下载请点这里- 全部磁力链 4K 蓝光原盘 蓝光高清 WEB-DL 字 幕 [无损音乐1T] [美剧蓝光32T] [观影APP] [115网盘优惠充值] 蓝光原盘 网盘 收藏级《玩乐时间》顶级内封中字版蓝光ISO 1080P 9.98GB Playtime.1967.FRENCH.1080p.BluRay.x264.DTS-FGT 1080P 2.37GB Playtime.1967.REMASTERED.PROPER.1080p.BluRay.H264.AAC-RARBG 1080P 10.93GB Playtime.1967.REMASTERED.1080p.BluRay.x264-SADPANDA 720P 6.55GB Playtime.1967.REMASTERED.720p.BluRay.x264-SADPANDA 1080P 2.37GB Playtime.1967.REMASTERED.1080p.BluRay.H264.AAC-RARBG 720P 4.4GB Playtime.1967.BluRay.720p.AC3.x264-CHD 1080P 10.93GB Playtime.1967.REMASTERED.1080p.BluRay.x264-SADPANDA 720P 1.5GB Playtime.1967.REMASTERED.720p.BluRay.H264.AAC-RARBG 720P 3.61GB 游戏时间.1967.中英字幕￡CMCT犇犇 720P 1.5GB Playtime.1967.REMASTERED.PROPER.720p.BluRay.H264.AAC-RARBG 字 幕 https://www.samfunny.com/download/index.php?id=1303543 Copyright ©2021 音范丝|影音集 内容均采集自互联网，若侵犯您的权益请联系fanyun866#gmail.com，我们将尽快处理。 高清常识 常见问题 蓝光播放工具 点点字幕 布雷克影院 币圈中文攻略 银河碟屋 登录,,
